game_number,winner,moves
1,Draw,e4 e5 Nf3 Nc6 Bc4 Nf6 Ng5 d5 exd5 Na5 Bb5+ c6 dxc6 bxc6 Bd3 Nd5 Nf3 Bd6 O-O Nf4 Re1 Nxd3 cxd3 O-O Nxe5 c5 d4 cxd4 d3 Bxe5 Rxe5 Nc6 Re1 Bf5 Nd2 Bxd3 Nf3 Bg6 Bd2 Qd5 Rc1 Rfe8 Qa4 Rxe1+ Nxe1 Ne5 Qa5 Qe6 Qc5 d3 Qe3 Qd6 Qc5 Qe6 Qe3 Qd6 h3 h6 b3 f6 f4 Nc6 Qc5 Qd4+ Kh2 Be4 Qc4+ Qxc4 Rxc4 Re8 Kg1 Re6 g4 f5 Rc5 Rd6 Kf2 Nd4 Ke3 Rd7 h4 g6 gxf5 gxf5 h5 Kh7 Rc8 Ne2 Nf3 Rg7 Be1 Rg2 a4 a6 Rc7+ Kg8 Rc8+ Kh7 Rc7+ Kg8 Rc8+ Kg7 Rc7+ Kg8 Rc8+ Kh7 Rc7+ Kg8 Rc8+ Kg7 Rc7+ Kg8
2,Draw,e4 c5 Nf3 Nc6 Bb5 g6 Bxc6 bxc6 O-O Bg7 Re1 d6 e5 dxe5 Nxe5 Qc7 Nc4 Nh6 d3 Ng4 g3 h5 Bf4 e5 Qe2 O-O Bg5 Be6 Nbd2 f6 Be3 Nxe3 Qxe3 Qe7 Re2 Kh7 f3 Bh6 Qf2 Rad8 Rae1 Rf7 b3 Qf8 Ne4 Rd4 a4 a6 Qg2 Bd5 Nf2 Be6 a5 Qd8 Nb6 Bf8 f4 c4 bxc4 Bb4 Rf1 Qc7 fxe5 fxe5 Ne4 Rxf1+ Qxf1 Rxe4 Rxe4 Bf5 Re2 Bg4 Re4 Bf5 Rh4 Bxa5 c5 Qe7 Nc4 Qxc5+ d4 exd4 Nxa5 d3+ Qf2 Qxa5 cxd3 Bg4 h3 g5 Qf7+ Kh8 Qf8+ Kh7 Qf7+ Kh6 Qf8+ Kg6 Qg8+ Kf6 Qf8+ Kg6 Qg8+ Kh6 Qf8+ Kg6 Qg8+ Kf6 Qf8+ Kg6 Qg8+ Kh6 Qf8+ Kg6
3,Draw,e4 e5 Nf3 Nf6 d4 Nxe4 Nxe5 d5 Bd3 Nd7 Nxd7 Bxd7 O-O Qf6 Bxe4 dxe4 Nc3 O-O-O Nxe4 Qc6 Qd3 Be6 Re1 Bc4 Qc3 Bd5 Qxc6 Bxc6 Ng5 Rxd4 Nxf7 Rg8 Ne5 Bd5 Nd3 g5 Re8+ Kd7 Re3 Bd6 b3 Re4 c4 Bc6 f3 Re6 c5 Bf8 Rxe6 Kxe6 Bd2 Bg7 Re1+ Kf5 g4+ Kg6 Ne5+ Bxe5 Rxe5 h6 Re6+ Kh7 Kf2 Rf8 Re7+ Kg6 Re6+ Kh7 f4 gxf4 Re7+ Kg6 h4 h5 g5 f3 Be3 Rf7 Re5 a5 Bd4 Rf4 Re6+ Kf5 Re5+ Kg6 Re6+ Kf5 Re5+ Kg6 Re6+ Kf5 Re5+ Kg6 Re6+ Kf5 Re5+ Kg6
6,Draw,e4 e5 Nf3 Nc6 Bb5 a6 Ba4 Nf6 O-O Nxe4 d4 b5 Bb3 d5 dxe5 Be6 c3 Be7 Nbd2 Nc5 Bc2 d4 Nb3 d3 Bb1 Nxb3 axb3 Bf5 Be3 O-O Bd4 Qd5 Re1 Rad8 Rxa6 Nb8 Ra7 c5 Rxe7 Nc6 Rc7 cxd4 c4 bxc4 bxc4 Qxc4 Qd2 Rc8 Rxc8 Rxc8 Rc1 Qb3 h4 h6 h5 Kh8 Rc5 Kg8 Qc1 Qb7 Ba2 Nd8 Rxc8 Bxc8 Qd2 Qb5 Nxd4 Qxe5 Nf3 Qb5 Bb1 Bb7 Qxd3 Qxd3 Bxd3 Bxf3 gxf3 Ne6 Bc4 Nf4 b4 Nxh5 b5 Nf6 b6 Nd7 b7 Kf8 Kg2 Ke7 Kg3 Kd6 Bxf7 Kc7 Bd5 Nc5 Kh4 Nxb7 Kh5 Nc5 Bc4 Kd6 f4 Ke7 Kg6 Kf8 f5 Nd7 f4 Nf6 Be6 Ng4 Bd5 Nf6 Bc4 Ne4 Be6 Nf6 Bc4 Ng4 Ba2 Ne3 f6 gxf6 Kxf6 Ng2 Kg6 Nxf4+ Kxh6 Ne2 Bf7 Ng3 Kg5 Ke7 Bb3 Kd6 Kf6 Nh5+ Kf7 Ke5 Ke7 Nf4 Kd8 Nd5 Bxd5
4,Draw,e4 c5 Nc3 Nc6 Nge2 Nd4 d3 g6 h4 Nf6 e5 Nh5 Ne4 Nc6 N2c3 Nxe5 Nxc5 d5 d4 Nc6 Be2 Bg7 Nb3 O-O Bxh5 gxh5 Qxh5 Nb4 O-O Nxc2 Rb1 a5 Bh6 Bxh6 Qxh6 Kh8 Rbc1 Nb4 a3 Nd3 Rc2 Ra6 Qe3 Bf5 Rd2 Re6 Qf3 Be4 Nxe4 dxe4 Qe3 Qd5 Nc5 Nxc5 dxc5 Qe5 Rc1 Rg8 Qc3 Qg7 Qxg7+ Kxg7 Rd7 Rb8 b4 axb4 axb4 f5 b5 Kf7 Rc2 Rg6 Rc7 Rg4 Rd2 Ra8 g3 f4 Kh2 Rag8 Rxb7 fxg3+ fxg3 Rxg3 Rb6 e3 Re2 Rf3 Ra6 Rf5 Rxe3 Rxc5 Rf3+ Kg7 Rb3 Rb8 b6 Rc6 Kg2 Kf6 Kf3 h5 Ke4 Rd6 Rf3+ Ke6 Rb3 Kf6 Rf3+ Kg6 Rb3 Rb7 Rb5 Rb8 Rb1 Kg7 Kf5 Rf6+ Ke4 Rd6 Ke5 Rb7 Kf4 Kf6 Ke4 Rb8 Rf1+ Kg7 Rb1 Kf6 Rf1+ Ke6 Rb1 Kf6 Rf1+ Kg6 Rb1 Kf6 Rf1+ Kg6 Rb1 Kg7 Kf4 Re6 Rb5 Rf8+ Rf5 Rb8 Rg5+ Kh6 Rb5 Rf8+ Rf5 Rb8 Rb5 Rf8+ Rf5 Rb8 Rb5 Rf8+ Kg3 Rg6+ Kh3 Rf3+ Kh2 Rf4 Ra3 Rxh4+ Rh3 Rxh3+ Kxh3 Rg8 Kh4 Rb8 Rxh5+ Kg7 Rb5 Kf7 Kg5 Ke6 b7 Kd6 Rb3 Kd5 Kf5 Kc6 Ke6 Rxb7 Rxb7 Kxb7 Kxe7
5,Draw,e4 e5 Nf3 Nc6 Bb5 a6 Ba4 Nf6 O-O Nxe4 d4 b5 Bb3 d5 dxe5 Be6 c3 Bc5 Nbd2 O-O Bc2 Bf5 Nb3 Bg6 Nfd4 Bxd4 Nxd4 Qd7 f4 Nxd4 cxd4 f6 Be3 Rad8 Qe1 Ng3 Qxg3 Bxc2 Rac1 Bd3 Rf2 Rc8 Bd2 Be4 Bb4 Rf7 h3 fxe5 dxe5 Re8 Rcf1 Rf5 Qh4 Rf7 Kh2 d4 Rc1 d3 a3 Qd5 g4 h6 Bc3 g5 Qg3 a5 f5 b4 axb4 axb4 e6 bxc3 exf7+ Kxf7 bxc3 Qc5 Rd2 Re7 c4 Qb4 Rf2 Qc5 Rd2 Qa5 Qf2 Qe5+ Kg1 Bc6 Rcd1 Qe4 Kh2 Ba4 Rc1 Bc2 Kg1 Qxc4 Re1 Re4 Kg2 Rxe1 Qxe1 Qd5+ Kf2 c5 Qe3 c4 Qa7+ Ke8 Qb6 Ke7 Qc7+ Kf6 Qb6+ Ke5 Qe3+ Kf6 Qb6+ Ke7 Qc7+ Kf6 Qb6+ Ke5 Qe3+ Kf6 Qb6+ Ke7 Qc7+ Kf6 Ke3 Qe5+ Qxe5+ Kxe5 Rxc2 dxc2 Kd2 Kd6 Kxc2 Kd5 Kc3 Kc5 Kb2 Kc6 Kc2 Kd6 Kb1 Kd5 Kc1 Kc6 Kd2 Kd6 Ke2 Ke5 Kf1 h5 Ke1 hxg4 hxg4 Kd5 Ke2 Kc5 Ke3 Kd5 Kf3 Ke5 Ke2 Kd5 Ke3 Ke5 Kf3 Kd5 Ke3 Ke5 Ke2 Kd6 Ke1 Kd5 Kd1 Kc5 Kd2 Kc6 Ke3 Kd5 Kf3 Ke5 Ke3 Kd5 Ke2 Kc5 Kd2 Kd5 Ke3 Ke5 Kf3 Kd5 Ke3 Ke5 Kf3 Kd5 Ke3
7,Draw,d4 d5 c4 e6 Nc3 Nf6 Bg5 Be7 e3 O-O Nf3 Nbd7 Rc1 h6 Bh4 c5 cxd5 Nxd5 Bxe7 Nxe7 Be2 b6 O-O Bb7 dxc5 Nxc5 b4 Nd7 Nb5 Nf6 Ne5 Ned5 Qb3 a6 Nc3 Nd7 Nxd7 Qxd7 Rfd1 Qe7 Na4 Rfc8 h3 Bc6 Bf3 Rab8 Rd4 Qe8 Nb2 Ne7 Bxc6 Rxc6 Rxc6 Qxc6 Rc4 Qa8 Qc2 Rd8 Nd3 Qd5 Rd4 Qa8 Rxd8+ Qxd8 Qc4 Qc8 Qxc8+ Nxc8 Kf1 Kf8 Ke2 Ke7 e4 Kd6 Nb2 h5 f4 Kc6 a4 Ne7 Nd3 Kd6 Ne5 f6 Nc4+ Kc6 Na3 Ng6 Kf3 Nh4+ Kg3 Ng6 Nc2 Kd6 Ne3 Ne7 Kh4 Ng6+ Kg3 Ne7 Kh4 Ng6+ Kg3 Ne7 Nc4+ Kc6 Na3 Kd6 Kh4 Ng6+ Kg3 Ne7 Kh4 Ng6+ Kg3 Ne7 Kf3 Kc6 g3 Ng6 h4 Ne7 g4 hxg4+ Kxg4 f5+ Kf3 Kd6 Nc4+ Kc6 h5 b5 Ne5+ Kd6 a5 fxe4+ Kxe4 Nd5 Nd3 Nf6+ Ke3 Nxh5 Nc5 Nf6 Nxa6 Nd7 Kd3 e5 f5 Kc6 Ke3 Kd6 Kd3 Nf6 Ke2 Nd7 Kd3 Kc6 Ke4 Kd6 Kd3 Kc6 Ke2 Nf6 Nc5 Nd5 Ne6 Nxb4 Nxg7 Nd5 Kd3 b4 Kc4 e4 a6 Ne3+ Kxb4 Kb6 a7 Kxa7 f6 Nd5+ Kc4 Nxf6 Kd4 Kb6 Ne6 Kb5 Nf4 Nd5 Kxe4 Nxf4
9,Draw,e4 c5 Nf3 Nc6 Bb5 e6 Bxc6 bxc6 d3 Qc7 O-O d6 Nfd2 d5 f4 c4 dxc4 Ba6 b3 h5 Qf3 Nf6 Nc3 h4 e5 Ng8 h3 Nh6 Na4 Be7 Qf2 Nf5 Re1 O-O Nf3 c5 Ba3 Rac8 cxd5 exd5 Rad1 Bb7 c3 Ng3 Ng5 Qc6 Qc2 Bxg5 fxg5 Ne4 Rxe4 dxe4 Bxc5 Rfe8 Bd4 e3 Qe2 Qe4 Rd3 Ba6 Rxe3 Qxd4 cxd4 Bxe2 Rxe2 f6 gxf6 gxf6 Nb2 Red8 Re4 fxe5 dxe5 Rc2 Nc4 Kf7 a4 Ke6 Rxh4 Rc3 b4 Rg8 Kf2 Rf8+ Ke2 Kd5 Ne3+ Kxe5 Rg4 Rd8 Nc4+ Kd5 Ne3+ Ke5 Nc4+ Kd5 Ne3+ Ke5 Nc4+ Kd5 Ne3+ Ke5 Nc4+ Ke6 b5 Rdd3 a5 Rg3 Rxg3 Rxg3 b6 Rxg2+ Kf3 Rg7 Kf4 a6 h4 Rf7+ Ke4 Rh7 Kd4 Rxh4+ Kc5 Kd7 Ne5+ Kc8 Kd5 Rh5 Ke4 Kb7 Kd4 Rh1 Nf7 Ra1 Nd8+ Kc8 Nc6 Kb7 Nd8+ Kc8 Nc6 Rd1+ Kc5 Rc1+ Kd5 Rd1+ Kc5 Kb7 Nd4 Rg1 Kd6 Rb1 Kc5 Ra1 Nb3 Rd1 Nd4 Ra1 Nb3 Rd1 Nd4 Rh1 Kd6 Rd1 Kc5 Ra1 Nb3 Rd1 Nd4
8,Draw,e4 e5 Nf3 Nc6 d4 exd4 Nxd4 Nf6 Nxc6 bxc6 Bd3 d5 exd5 cxd5 O-O Be7 h3 O-O Re1 c5 Nc3 Be6 Bf4 Bd6 Bxd6 Qxd6 b3 Rad8 Qf3 h6 Rad1 Rfe8 Bb5 Re7 Qe2 g6 Qe5 Qxe5 Rxe5 Rc7 Bc4 Rcd7 Be2 Rd6 Nb5 R6d7 Bf3 Rc8 Nc3 d4 Ne4 Nxe4 Bxe4 Kg7 h4 Rd6 Bd3 c4 bxc4 Ra6 h5 gxh5 Be4 Rxa2 Rxd4 Rxc4 Rxc4 Bxc4 Rxh5 Be6 f4 Ra4 Re5 a5 Bd3 Bc4 Bxc4 Rxc4 Rxa5 Kg6 Ra6+ Kf5 Kh2 Rxc2 Ra7 f6 Ra4 Rc3 Ra6 h5 Ra5+ Kg4 Ra8 Rc5 Ra6 Rf5 g3 h4 gxh4 Kxh4 Rb6 Rxf4 Kg2 Kg4 Ra6 f5 Rg6+ Kh4 Ra6 Rd4 Kf3 Kg5 Ra3 Rf4+ Kg2 Rg4+ Kf3 Rf4+ Kg2 Rc4 Kf3 Rb4 Kg3 Rb5 Kf3 Rb4 Rd3 Rh4 Kg2 Rc4 Rg3+ Rg4 Kh3 Kf4 Rxg4+ fxg4+ Kg2 Ke4 Kg3 Kf5 Kg2 Kg5 Kg3 Kh5 Kg2 Kg5 Kg3 Kf5 Kg2 Kf4 Kf2 Ke4 Kg3 Kf5 Kf2 Kf4 Kg2 Kg5 Kg3 Kh5 Kg2 Kg5 Kh2 Kh4 Kg2 Kg5
11,Draw,e4 e5 Nf3 Nc6 Bc4 Bc5 c3 Nf6 d3 d6 b4 Bb6 a4 a5 b5 Ne7 Nbd2 Ng6 O-O O-O Re1 c6 d4 d5 Bd3 exd4 cxd4 Bg4 bxc6 bxc6 Bb2 Nf4 Bb1 c5 h3 Bh5 e5 Nd7 Nf1 cxd4 Ng3 Bxf3 Qxf3 Ne6 Ba2 Rb8 Ba3 Bc5 Bxd5 Bxa3 Rxa3 Ndc5 Nf5 Rb4 Qg3 g6 Nh6+ Kh8 Bxe6 fxe6 Rf3 Qe7 Ng4 Rfb8 Nf6 Nxa4 Ne4 Nc5 Nd6 Rb3 Rxb3 Nxb3 Qd3 Qc7 Qf3 Qg7 Qg4 Qd7 Re4 Nd2 Re1 Nb3 Re4 Nd2 Re1 Nb3 Re4 Nd2 Re1 Nb3 Re4 Nd2 Re1 Nb3
10,Draw,e4 e5 Nf3 Nf6 Nxe5 d6 Nf3 Nxe4 d4 d5 Bd3 Be7 O-O Bf5 Re1 O-O c4 c6 Qc2 Na6 a3 Bg6 cxd5 cxd5 Ne5 Bf6 Nxg6 hxg6 Be3 Nd6 Nc3 Nc7 Qa4 Re8 Qb3 Nf5 Bxf5 gxf5 Qxb7 Rb8 Qxa7 Ne6 g3 Rxb2 Qa4 Rb8 Rab1 Ra8 Qb4 Re7 Ne2 Rea7 Rb3 Ra4 Qb7 Rxa3 Rxa3 Rxa3 h4 Qa8 Qb2 g6 h5 gxh5 Qc1 h4 gxh4 Bxh4 Kh1 Qa6 Rg1+ Ng7 Bh6 Rh3+ Kg2 Qd3 Kf1 Bf6 Bxg7 Bxg7 Qg5 Qb1+ Nc1 Qb5+ Ne2 Qb1+ Nc1 Qb5+ Ne2 Qb1+ Kg2 Qd3 Kf1 Qb1+ Kg2 Qd3 Kf1 Qb1+
12,Draw,e4 e5 Nf3 Nc6 Bb5 a6 Ba4 Nf6 O-O Nxe4 d4 b5 Bb3 d5 dxe5 Be6 c3 Bc5 Bc2 Bg4 Nbd2 Nxe5 Nxe4 Bxf3 gxf3 dxe4 Bxe4 Qxd1 Rxd1 Rd8 Rxd8+ Kxd8 a4 Ke7 Kg2 Rb8 b4 Bd6 f4 Nc4 axb5 axb5 Ra6 c5 bxc5 Bxc5 Bxh7 Rd8 Bc2 Rd6 Rxd6 Kxd6 Kf3 Bb6 Ke2 Ba5 Kd3 f5 Bb3 Kd5 h4 g6 Bd1 Bb6 Be3 Nb2+ Kc2 Nc4 Bf3+ Kd6 Kd3 Nxe3 fxe3 Ba5 h5 gxh5 Bxh5 Ke6 Bg6 Kf6 Be8 b4 cxb4 Bxb4 Ke2 Ke6 Ba4 Ba5 Bd1 Bb4 Bc2 Bc5 Kf3 Kf6 Bb1 Ba3 Bxf5 Kxf5 e4+ Kf6 Kg4 Bc1 Kf3 Ke6 Kg4 Bd2 Kf3 Kf6 Kg4 Ke6 Kg5 Bc1 Kg4 Kf6 Kf3 Ke6 Kg4 Ba3 Kg3 Bc1 Kf3 Kf6 f5 Bh6 Kg3 Ke5 Kf3 Bd2 Ke2 Bg5 Kd3 Be7 Ke3 Bh4 Kf3 Bf6 Ke3 Bh8 Kf3 Kd4 Kf4 Be5+ Kf3 Bf6 Kf4 Be5+ Kg5 Kxe4 Kg6 Ke3 Kh5 Kf3 Kg6 Ke4 f6 Bxf6
15,Draw,e4 e5 Nf3 Nc6 Bc4 Bc5 d3 Nf6 c3 d6 O-O a6 Re1 Ba7 Nbd2 O-O Bb3 Be6 Nf1 h6 Ng3 Re8 h3 d5 exd5 Bxd5 Bc2 Qd6 Nh4 Ne7 Be3 Bxe3 Rxe3 Ng6 Nxg6 fxg6 c4 Bf7 Qe1 Qd4 Rb1 Rad8 a3 c6 Qa5 Kh8 Qb4 b5 Qe1 Nh5 Nxh5 gxh5 Re4 Qd6 b4 c5 Re3 h4 cxb5 axb5 Bd1 Bg6 Rc1 cxb4 axb4 Bxd3 Bh5 Bg6 Be2 Rf8 Bxb5 Rf4 Rc4 Rdf8 Rxe5 Rxf2 Rxh4 R2f4 Rxf4 Rxf4 Rc5 Qd4+ Kh2 Qxb4 Qe5 Kh7 Rc8 Rf5 Bc4 Rxe5 Bg8+ Kh8 Bf7+ Kh7 Bg8+ Kh8 Bf7+ Kh7 Bg8+ Kh8 Bf7+ Kh7 Bg8+ Kh8 Bf7+ Kh7 Bg8+
13,White,e4 c5 Nf3 Nc6 Bb5 g6 O-O Bg7 c3 Nf6 Re1 O-O d4 d5 e5 Ne4 Be3 Qb6 Bxc6 bxc6 Qc1 cxd4 cxd4 a5 Nc3 Nxc3 Qxc3 Bf5 b3 Rfc8 h3 Qb4 Qb2 a4 Bd2 Qb5 Rec1 axb3 axb3 Bf8 Qc3 h6 Rxa8 Rxa8 Qxc6 Qxc6 Rxc6 Rb8 b4 g5 Ra6 e6 Ra2 Kg7 Rb2 Bd3 h4 gxh4 Nxh4 Be7 g3 Bb5 Ng2 Rc8 Ra2 Bg5 Be3 Bd3 g4 Rc3 Rb2 Bb5 Ra2 Bd3 f4 Be7 Ra7 Bxb4 f5 Ra3 Rb7 exf5 Rxb4 Be4 Rb2 Bxg2 Rxg2 Rxe3 gxf5+ Kf8 f6 Re1+ Kh2 Re3 Rb2 Kg8 Rb7 h5 Rd7 h4 Rc7 h3 Rb7 Rf3 Rd7 Re3 Rc7 Rf3 Rb7 Re3 Rb1 Rf3 Rg1+ Kh8 Rg3 Rf4 Kxh3 Re4 Rg4 Re3+ Kg2 Rb3 Kf2 Rc3 Rg1 Ra3 Rh1+ Kg8 Rg1+ Kh8 Rh1+ Kg8 Rb1 Kh7 Rb5 Ra2+ Ke3 Ra3+ Kf4 Rh3 Rxd5 Kg6 Rd7 Rh4+ Ke3 Rh1 Ra7 Re1+ Kd2 Re4 Kd3 Re1 Kc4 Rc1+ Kd5 Rd1 Kc5 Rb1 d5 Rb8 d6 Rb3 d7 Rd3 Kc6 Kf5 Ra8 Kxe5 d8=Q Rxd8 Rxd8 Ke6 Rd6+ Kf5 Kd7 Kg5 Ke7 Kf5 Kxf7 Ke5 Ke7 Ke4 f7 Ke3 f8=Q Ke4 Qf7 Ke3 Kf6 Kf3 Kg5+ Ke2 Qb3 Ke1 Qc2 Kf1 Rd1#
14,White,e4 e5 Nf3 Nc6 Bb5 a6 Ba4 Nf6 O-O Nxe4 d4 b5 Bb3 d5 dxe5 Be6 c3 Bc5 Nbd2 O-O Bc2 Bf5 Nb3 Bg6 Nfd4 Bxd4 Nxd4 Qd7 f4 Nxd4 cxd4 f6 Be3 Rad8 Qe2 c6 Qe1 a5 Qxa5 Ng3 Rf2 Ne4 Bxe4 Bxe4 Qb6 Rb8 Qc5 b4 a4 bxa3 Rxa3 Rb5 Qc3 h6 h3 Kh7 b4 Qe7 Ra4 Rfb8 Bd2 fxe5 fxe5 Qe8 Ra6 R5b6 Ra2 R6b7 Qg3 Rc7 Qf4 Ra8 Ra5 Rb7 Kh2 Re7 Be3 Rb8 Bd2 Ra8 Be1 Rd8 Bd2 Ra8 Be1 Rb8 Ra3 Ra8 Ra5 Rb8 Ra3 Ra8 Ra5 Rd8 Rfa2 Rf7 Qg4 Bf5 Qg3 Be4 Qg4 Bf5 Qg3 Be4 Qg4 Rb8 Ra7 Rbb7 R7a6 Rf1 Ra8 Qf7 Rd8 Qf5 Bh4 Rf4 Qxf5+ Bxf5 g4 Bd7 Bf2 Kg6 Re2 Re4 Rxe4 dxe4 b5 cxb5 d5 b4 e6 Bb5 Kg3 b3 Bd4 e3 d6 e2 Kf2 Rb6 e7 h5 gxh5+ Kf7 Rf8+ Ke6 e8=Q+ Bxe8 Rxe8+ Kd7 Rxe2 Rb5 Re5 Rb4 Bb2 Rc4 Kf3 Rc2 Re2 Rc4 Bxg7 Rh4 h6 Rxh3+ Kg2 Rh5 Rb2 Rg5+ Kf3 Rf5+ Kg4 Rf7 Rxb3 Ke6 Rb6 Kd5 Kg5 Kc5 Ra6 Kb5 Ra8 Rb7 Kf6 Kc5 h7 Rb6 Rd8 Rb1 Ke6 Re1+ Be5 Rxe5+ Kxe5 Kc4 Ke6 Kd3 Rc8 Ke3 h8=Q Kf3 Qh3+ Ke2 Rc2+ Kd1 Qd3+ Ke1 Qe2#
16,Draw,e4 e5 Nf3 Nc6 d4 exd4 Nxd4 Nf6 Nxc6 bxc6 e5 Qe7 Qe2 Nd5 g3 a5 Bg2 Nb6 b3 a4 Bb2 Ba6 Qe4 Qb4+ Nd2 Qa5 c4 Bb4 Rd1 O-O Qc2 d5 O-O Rfe8 Ba1 h6 Nf3 dxc4 bxc4 Bxc4 Nd4 Bxf1 Rxf1 Qc5 Bxc6 Rad8 Qxc5 Bxc5 Bxe8 Rxe8 Nc6 Re6 Nd8 Re8 Rd1 Nc4 Nxf7 Kxf7 Rc1 Bxf2+ Kxf2 Nxe5 Rxc7+ Kg6 Kg2 h5 Bd4 Nf7 Kf2 Re4 Bc3 h4 Rc6+ Kh5 Bxg7 hxg3+ hxg3 Ng5 Rh6+ Kg4 Rh4+ Kf5 Bh6 Ne6 Be3 Rxh4 gxh4 Kg4 Ke2 Kxh4 Kd3 Kg4 Kc4 Kf5 Bf4 Nxf4 Kb4 Nd5+ Kxa4 Nc3+ Kb4 Nxa2+
18,Draw,e4 e5 Nf3 Nf6 Nxe5 d6 Nf3 Nxe4 d4 d5 Bd3 Be7 O-O Bf5 Re1 O-O c4 Nc6 cxd5 Qxd5 Nc3 Nxc3 bxc3 Rae8 Rb1 Bxd3 Qxd3 b6 Bf4 Qd7 d5 Na5 h4 h6 Ne5 Qd8 g3 Bd6 Kg2 Re7 Re3 Rfe8 Rbe1 Qc8 h5 Nb7 c4 Bxe5 Rxe5 Rxe5 Rxe5 Nd6 Rxe8+ Qxe8 Qc2 a5 Bxd6 cxd6 Qb1 Qd8 Qb5 Kh7 Qc6 Kg8 Qb7 Kf8 Kg1 Kg8 Qa7 Kf8 Qb7 Kg8 Kf1 Kf8 a3 Kg8 Kg1 Kf8 Kh2 Kg8 Kh3 Kf8 Kh2 Kg8 Kg1 Kf8 Kf1 Kg8 Kg1 Kf8 Kf1 Kg8 Kg1 Kf8 Qa7 Kg8 Qb7
17,Draw,e4 e5 Nf3 Nf6 Nxe5 d6 Nf3 Nxe4 d4 d5 Bd3 Bd6 O-O O-O c4 c6 Re1 Bf5 Qb3 Na6 cxd5 cxd5 Nc3 Be6 Qd1 Nb4 Bxe4 dxe4 Ng5 Nd3 Rxe4 Bc4 d5 Ba6 Rd4 Nxc1 Qxc1 Be5 Rd1 Rc8 Nf3 Bxc3 bxc3 Be2 Rd4 Bxf3 gxf3 Qd6 a4 a6 Qe3 b5 Rad1 Rfe8 Qd3 Red8 Re4 Kf8 Kg2 Rc5 Qe3 h6 Rg4 Kg8 h4 h5 Rgd4 Rdc8 axb5 Rxc3 Qg5 axb5 Qxh5 Rd8 Qg5 Qg6 f4 Rc5 h5 Qd6 R4d3 Kh8 Qe5 Kh7 Kg3 Kg8 Kf3 b4 Qg5 Rc3 Re3 Kh7 Qf5+ Kg8 Qg5 Kh7 Qf5+ Kg8 Qg5 Kh7 Qf5+ Kg8 Qg5 Kh7 Qf5+ Kg8 Qg5
19,Draw,e4 e5 Nf3 Nc6 Bb5 a6 Ba4 Nf6 O-O Nxe4 d4 b5 Bb3 d5 dxe5 Be6 Nbd2 Nc5 c3 Nxb3 Nxb3 Be7 h3 O-O Be3 a5 Nc5 Bf5 a4 b4 Rc1 bxc3 Rxc3 d4 Bxd4 Qd5 Be3 Rfd8 Qxd5 Rxd5 g4 Bxc5 gxf5 Bxe3 Rxc6 Bf4 Re1 Re8 Rxc7 Kf8 Rb7 Bxe5 Nxe5 Rexe5 Rxe5 Rxe5 f6 gxf6 Kg2 Rc5 b3 f5 h4 Rc3 f3 f4 Rb5 Ke7 b4 axb4 Rxb4 Ke6 Rxf4 h5 Kg3 Ra3 Rb4 Kf5 Rb5+ Kg6 a5 f6 Rd5 Ra4 f4 Ra3+ Kf2 Kh6 Rf5 Kg6 Rd5 Kh6 Rb5 Rh3 Kg2 Rc3 Rb6 Kg6 Rb4 Ra3 Rb5 Kh6 Rf5 Kg6 Rb5 Kh6 Kf2 Rh3 Rb6 Rxh4 Kg3 Rg4+ Kf3 Rg1 Rxf6+ Kg7 Rf5 Kh6 Rf8 Kg7 Kf2 Ra1 Ra8 h4 a6 Ra4 Kf3 h3 Kg3 h2 Kxh2 Rxf4 Ra7+ Kg6 Ra8 Kg7 Kg3 Rf6 Kg4 Rc6 Kf5 Rb6 Ke5 Rc6 Kd5 Rh6 Kc5 Rf6 Kb5 Rf5+ Kc4 Rf6 Kb5 Rf5+ Kc6 Rf6+ Kc5 Rf5+ Kb4 Rf4+ Kb5 Rf5+ Kb6 Rf6+ Ka7 Rf7+ Kb6 Rf6+ Kb5 Rf5+ Kb6 Rf6+ Ka5 Rf5+ Ka4 Rf4+ Kb5 Rf5+
20,White,e4 e5 Nf3 Nc6 Bb5 a6 Ba4 Nf6 O-O Nxe4 d4 b5 Bb3 d5 dxe5 Be6 c3 Bc5 Nbd2 O-O Bc2 Nxf2 Rxf2 Bxf2+ Kxf2 f6 Nf1 fxe5 Kg1 Qd7 Bg5 Kh8 Qd2 e4 Nd4 Ne5 Ne3 Bg8 b4 a5 Bh4 axb4 cxb4 Ra3 Bb3 c6 Qc3 Nc4 h3 Qe8 Nef5 Qd7 Rf1 h6 Be7 Rf7 Bc5 Ra8 Bd1 Bh7 Bg4 Bg6 Rf4 Qe8 Nxg7 Qe5 Rxf7 Bxf7 Ngf5 Rxa2 Qc1 Nd2 Nb3 Kh7 Nxd2 h5 Bd4 Qe6 Nf1 c5 Qxc5 Qe8 Nd6 Qe7 Bf5+ Kg8 Qc8+ Be8 Qxe8+ Qxe8 Nxe8 Ra3 Be6+ Kf8 Nc7 Rd3 Bc5+ Kg7 Bxd5 Rd1 Bxe4 Kf6 Nxb5 Re1 Bd3 h4 Bd4+ Kg5 Nc3 Kh6 Be2 Ra1 b5 Ra8 b6 Rb8 Bf3 Kg5 b7 Rf8 Kh2 Kf5 Be4+ Kg5 Nd2 Kh6 Be5 Rd8 b8=Q Rxb8 Bxb8 Kg7 Kg1 Kf7 Bf4 Kf6 Be3 Ke5 Nd5 Kd6 Kf2 Kd7 Kf3 Kd6 Kg4 Kc6 Kf5 Kb5 Ne7 Ka5 Bd3 Kb4 Ne4 Ka3 Nc5 Kb2 Nd5 Ka2 Bf2 Kb2 Bxh4 Ka2 Bf6 Ka3 h4 Ka2 h5 Ka3 h6 Ka2 h7 Ka3 h8=Q Ka2 Qa8#
22,Draw,e4 e5 Nf3 Nc6 Bb5 Nf6 O-O Nxe4 Re1 Nd6 Nxe5 Be7 Bf1 Nxe5 Rxe5 O-O d4 Bf6 Re1 Nf5 d5 d6 Nd2 h6 Ne4 Be5 h3 Re8 a4 Bd7 c3 a5 Bc4 Qh4 Qg4 Qd8 Qd1 Qh4 Qg4 Qe7 Qf3 Nh4 Qh5 Ng6 g3 Nf8 Bd2 Qd8 f4 g6 Qxh6 Bg7 Qg5 Rxe4 Rxe4 Bf6 Qh6 Bg7 Qh4 Bf6 Qh6 Bg7 Qh4 Bf6 Qh6 Bg7 Qh4 Bf6 Qh6 Bg7 Qh4 Bf6 Qh6
21,White,e4 e5 Nf3 Nc6 Bb5 a6 Ba4 Nf6 O-O Nxe4 d4 b5 Bb3 d5 dxe5 Be6 c3 Bc5 Nbd2 O-O Bc2 Bf5 Nb3 Bb6 Nfd4 Nxd4 cxd4 a5 f3 a4 Nc5 Nxc5 Bxf5 Ne6 Be3 Rc8 Qd3 c5 Bxh7+ Kh8 Bf5 cxd4 Bd2 Nc5 Qb1 Rc7 b4 axb3 axb3 g6 Bd3 Kg7 b4 Nxd3 Qxd3 Rc3 Qxb5 Rc2 Rad1 Qc7 Qxd5 Rd8 Qe4 Qc4 Qb7 Bc7 f4 d3 Qf3 Bb6+ Kh1 Qc8 b5 Qf5 h3 Rd7 Rfe1 Qe6 Rf1 Qf5 Bb4 d2 Bd6 Ra7 Bb4 Rd7 Bd6 Ba5 Qa8 Bc7 Qa1 Kh7 Qd4 Bxd6 exd6 Qxb5 f5 g5 Qg4 Rxd6 Qh5+ Kg8 Qxg5+ Kf8 Qf4 Qd5 f6 Rc4 Qg3 Rd4 Rf2 Rd3 Qg7+ Ke8 Re2+ Kd8 Qg4 Kc7 Re8 Rd7 Qf4+ Rd6 Re7+ Kc8 Qg4+ Rd7 Re8+ Kc7 Qf4+ Rd6 Kh2 Qd4 Re7+ Kd8 Qh6 Rd7 Qf8+ Kc7 Qxf7 Qf4+ Kg1 Qa4 Qh5 Qd4+ Kh1 Qxf6 Re8 Qc3 Qf5 Rd8 Re7+ R8d7 Re8 Rd8 Re7+ R8d7 Re4 R3d4 Re8 R4d5 Qf4+ R5d6 Ra8 Qc2 Raa1 Kb7 Qb4+ Kc7 Ra7+ Kc6 Ra6+ Kc7 Qa5+ Kb7 Qb5+ Kc8 Ra8+ Kc7 Qb8+ Kc6 Qc8+ Rc7 Ra6+ Kd5 Qg8+ Kc5 Qg5+ Rd5 Ra5+ Kb6 Rxd5 Qxd1+ Kh2 Qb3 Rxd2 Qa3 Qf6+ Ka7 Rb2 Qc5 Rb1 Qa5 Ra1 Qxa1 Qxa1+ Kb7 Qb1+ Kc8 Qf5+ Kb7 Qb5+ Kc8 h4 Ra7 Qf5+ Kb7 Qh7+ Ka6 Qxa7+ Kxa7 Kh3 Kb6 Kg4 Kc6 h5 Kd7 h6 Ke6 h7 Ke5 h8=Q+ Kd5 Kf5 Kc5 g4 Kb5 Qc3 Ka6 g5 Kb6 g6 Kb7 g7 Ka6 g8=Q Kb7 Qgc8+ Kb6 Q3c5#
24,Draw,e4 e5 Nf3 Nf6 Nxe5 d6 Nf3 Nxe4 d4 d5 Bd3 Bf5 O-O Be7 Re1 O-O c4 Nc6 Nc3 Nxc3 bxc3 Bxd3 Qxd3 dxc4 Qxc4 Qd7 d5 Na5 Qd3 Rae8 Bf4 b6 Re3 Bf6 Be5 Bxe5 Nxe5 Qd8 Rae1 Re7 c4 Rfe8 c5 f6 Nf3 Rxe3 Rxe3 Rxe3 Qxe3 Kf8 Qd2 Qe7 Nd4 Qe4 Ne6+ Kf7 h3 Nc4 Qd1 bxc5 Nxc7 Qe5 Nb5 a6 d6 Nb2 Qd2 Nc4 Qd1 Nb2 Qd2 Nc4 Qd1 Nb2 Qf3 Qe1+ Kh2 Qe5+ Kg1 Qe1+ Kh2 Qe5+ Kg1 Qe1+ Kh2 Qe5+ Kh1 Qe1+ Kh2 Qe5+ Kg1 Qe1+ Kh2
23,Draw,e4 e5 Nf3 Nc6 Bb5 a6 Ba4 Be7 O-O Nf6 Re1 b5 Bb3 O-O c3 Na5 Bc2 d5 d4 dxe4 Nxe5 c5 Be3 Bb7 Nd2 Rc8 h3 Re8 Ng4 Nd5 Bxe4 Nxe3 Nxe3 cxd4 Nf5 Bf6 Bxb7 Nxb7 Rxe8+ Qxe8 cxd4 g6 Qg4 h5 Qf3 gxf5 Qxb7 Qc6 Qxc6 Rxc6 Nf3 Rc2 b3 Kg7 a3 a5 a4 bxa4 Rxa4 Rc1+ Kh2 Bd8 d5 Bb6 Nd4 Kf6 f4 Rd1 Nf3 Rb1 Ra3 Rb2 Ne5 Be3 Nc4 Bxf4+ Kg1 Rb1+ Kf2 Bc1 Rxa5 Rxb3 Ra6+ Ke7 Ra7+ Kf6 Ra6+ Ke7 Ra7+ Kf6 Ra6+ Ke7 Ra7+ Kf6 Ra6+ Ke7 Ke2 Bg5 h4 Bxh4 Rh6 Rb4 Ne3 Re4 Rxh5 f4 Rxh4 Rxe3+ Kf2 Rd3 Rxf4 Rxd5 g4 Ke6 Kg3 Ra5 Kh4 f5 g5 Ra1 Rb4 Rh1+ Kg3 Rg1+ Kh4 Ke5 Ra4 f4 Ra5+ Ke4 Ra4+ Kf5 Ra5+ Ke4 Ra4+ Kf5 Ra5+ Kg6 Ra6+ Kf5 Ra5+ Kg6 Ra6+ Kf5 Ra5+ Ke4 Ra4+ Kf3 Ra3+ Ke4 Ra4+ Kf5 Ra5+
26,Draw,e4 e5 Nf3 Nc6 d4 exd4 Nxd4 Nf6 Nxc6 bxc6 e5 Qe7 Qe2 Nd5 g3 g6 c4 Ba6 b3 Bg7 Bb2 O-O Bh3 f6 Qd2 fxe5 O-O e4 Nc3 Nxc3 Bxc3 Bxc3 Qxc3 d5 Rae1 Qd6 Re2 c5 Rd1 d4 Qe1 Bb7 Bg2 Rae8 Bxe4 Bxe4 Rxe4 Qc6 Re5 h5 h4 Rxe5 Qxe5 Re8 Qf4 Qb6 Qg5 Kg7 Qd2 Re5 Kf1 Qc6 Kg1 Qe4 b4 cxb4 Qxb4 c5 Qa5 Qe2 Rf1 d3 Qxa7+ Kh6 Qb8 Kg7 Qc7+ Kh6 Qd8 Re8 Qg5+ Kh7 Qxc5 d2 Qd5 Kg7 Qd4+ Kg8 Qd5+ Kh8 Qd4+ Kh7 Rb1 Re7 Kg2 Rf7 Ra1 Qf3+ Kg1 Qe2 Rf1 Re7 Qd5 Kg7 Qd4+ Kh7 Qd5 Qxf1+ Kxf1 Re1+ Kg2 d1=Q Qf7+ Kh8 Qf8+ Kh7 Qf7+ Kh6 Qf8+ Kh7 Qf7+ Kh6 Qf8+ Kh7 Qf7+ Kh6 Qf8+ Kh7 Qf7+
27,Draw,e4 e5 Nf3 Nf6 Nxe5 d6 Nf3 Nxe4 d4 Be7 Bd3 d5 O-O Bf5 Re1 Nc6 Nbd2 Nxd2 Qxd2 Bxd3 Qxd3 O-O c3 h6 Bf4 Bd6 Bxd6 Qxd6 Re2 Rfe8 Rae1 Rxe2 Qxe2 Qd7 h4 a6 g3 Rd8 Kg2 Kf8 Qc2 b6 Qh7 f6 Ng1 Re8 Rxe8+ Qxe8 Nh3 Ne7 Nf4 Kf7 Qc2 a5 h5 Qb5 a4 Qc4 b3 Qc6 Qd3 Qd7 Qe2 Qf5 Kf3 Qb1 Qe6+ Ke8 Kg2 Qxb3 Qg4 Qxc3 Qxg7 Qxd4 Qxh6 Qe4+ Kh2 Kf7 Ng6 Nxg6 Qh7+ Ke6 hxg6 Qc2 Kg2 Qe4+ Kh2 Qe2 Qf7+ Kf5 Kg2 Qe4+ Kg1 Kg5 g7 Qb1+ Kh2 Qh7+ Kg1 Qb1+ Kh2 Qh7+ Kg1 Qb1+ Kg2 Qe4+ Kh2 Qh7+ Kg1 Qb1+ Kh2 Qh7+ Kg1 Qb1+
25,White,e4 e5 Nf3 Nc6 Bb5 Nf6 O-O Nxe4 Re1 Nd6 Nxe5 Nxe5 Rxe5+ Be7 Bf1 O-O d4 Ne8 c4 Bf6 Re1 d5 cxd5 Qxd5 Be3 Qa5 Nc3 Be6 Ne4 Bd5 Nc5 Rd8 Qg4 Qb6 b3 Be7 Bf4 Nf6 Qh3 Rfe8 Be5 g6 Rac1 Bf8 Re3 Bg7 Qh4 Nh5 Nd7 Qe6 Bxg7 Qxd7 Be5 c6 g4 Ng7 Rh3 h5 gxh5 Nxh5 Qg5 f6 Qxg6+ Qg7 Qxg7+ Kxg7 Rxh5 fxe5 dxe5 Kg6 Be2 Rh8 Rxh8 Rxh8 Bg4 Kg5 h3 Re8 Re1 Kf4 e6 Re7 Kf1 b6 Re3 a5 Ke2 Kg5 Kd3 Kf6 Kd4 Re8 h4 Rg8 f3 Rd8 Kc3 Ke7 h5 b5 Re5 b4+ Kc2 Rh8 Rg5 a4 bxa4 Rh7 Kb1 Kd6 a5 c5 Rg8 Bc6 Rd8+ Ke5 Rc8 Kd6 Rd8+ Ke5 Rc8 Kd6 Rb8 Ra7 a6 c4 Rxb4 Rxa6 Rxc4 Ra7 Rc2 Ba4 Rc8 Rb7+ Kc1 Rh7 Kd2 Ra7 Ke3 Ke5 Rf8 Rb7 Rf7 Rb8 h6 Rh8 h7 Be8 f4+ Kd6 Rg7 Ba4 Bf5 Bb5 Rg8 Rxh7 Bxh7 Kxe6 Kd4 Bd7 Kc5 Ba4 Rg6+ Kf7 Ra6 Bd1 Bd3 Ke7 a4 Kf8 a5 Bf3 Rh6 Kg7 Rg6+ Kf8 Bc4 Be4 Rb6 Ba8 Rb8+ Kg7 Rxa8 Kf6 a6 Kf5 Rf8+ Ke4 a7 Kf3 a8=Q+ Kf2 Qe4 Kg3 Rg8+ Kf2 Rg2#
29,Draw,e4 e5 Nf3 Nc6 d4 exd4 Nxd4 Nf6 Nxc6 bxc6 e5 Qe7 Qe2 Nd5 g3 a5 Bg2 Nb6 b3 a4 Bb2 Qe6 Qe4 a3 Bd4 c5 Bc3 Ra7 O-O Bb7 Qf4 Bxg2 Kxg2 Nd5 Qf3 Be7 Nd2 O-O Rfe1 Qc6 Kg1 Nxc3 Qxc3 d5 Rad1 Qg6 Re2 c6 Kg2 Rb7 Nf3 Rb4 Rde1 c4 e6 Rb7 bxc4 Bb4 Qb3 dxc4 Qb1 Rb5 Nd4 Bxe1 Nxb5 fxe6 Nxa3 Bxf2 Rxf2 Qe4+ Kf1 Qh1+ Ke2 Qe4+ Kf1 Qh1+ Ke2 Qe4+ Kf1 Qh1+ Ke2 Qe4+ Kf1 Qh1+ Ke2 Qe4+ Kf1
30,Draw,e4 e5 Nf3 Nf6 Nxe5 d6 Nf3 Nxe4 d4 d5 Bd3 Be7 O-O Bf5 Re1 O-O c4 Nc6 cxd5 Qxd5 Nc3 Nxc3 bxc3 Rfe8 Bf4 Bxd3 Qxd3 Bd6 Ng5 g6 Ne4 Re6 Nxd6 cxd6 Rxe6 fxe6 Rb1 a6 a4 Ne5 Qe2 Nf7 Rb4 Rc8 Qb2 Qe4 Bd2 Qe2 h3 Rc7 Qa2 Qd1+ Kh2 Qe2 Rb2 Qc4 Qa3 e5 dxe5 dxe5 Rb6 Kg7 a5 Rd7 Be3 Nd8 Qc1 Qh4 Qb1 Qe7 Qe4 Nc6 Rxc6 bxc6 Qc4 h5 Qxa6 c5 g3 Ra7 Qb6 Rb7 Qc6 Qc7 Qe8 Ra7 Bg5 Qxa5 Qxe5+ Kh7 Be3 h4 Bxc5 Rc7 Bd4 Qxe5 Bxe5 Re7 Bf4 Re4 Bg5 hxg3+ Kxg3 Kg7 Be3 Kf6 Bd4+ Kf5 Kg2 Re2 Kf3 Re6 Be3 Re4 Bd4 Re1 Be3 Rd1 c4 Rd3 c5 Rd7 Kg2 Ra7 Kf3 Rd7 Bf4 Rd3+ Be3 Rd7 Kg3 Rh7 Bf4 Rb7 Kf3 Rb4 Bd2 Rb7 Be3 Rh7 Bf4 Rb7 Bd6 Rb3+ Ke2 Ke4 c6 Rb2+ Ke1 Rb1+ Ke2 Rb2+ Ke1 Rb1+ Ke2 Rb2+ Ke1 Rb1+ Ke2 Rb2+ Ke1 Rb1+ Ke2 Rb2+
28,Draw,e4 c5 Nf3 Nc6 Bb5 g6 O-O Bg7 c3 Nf6 Re1 O-O d4 d5 Bxc6 bxc6 e5 Ne4 Be3 Rb8 Qc1 cxd4 cxd4 f6 Nbd2 Nxd2 Bxd2 Bg4 Bf4 Rb4 exf6 exf6 Qxc6 Rxb2 h3 Bf5 Rac1 Qd7 Qa6 Rb6 Qa5 Ra8 g4 Be4 Nd2 Qb5 Qxb5 Rxb5 Nxe4 dxe4 Rc7 f5 gxf5 gxf5 Rd7 Rb6 a4 Rf8 a5 Rg6+ Kf1 Rf7 Rd8+ Rf8 Rd7 Rf7 Rd8+ Rf8 Rd5 Bh6 Be5 Bg7 Ke2 Bxe5 Rxe5 Kg7 Rc1 Rf7 Rec5 Rg2 Ke3 f4+ Kxe4 Rxf2 Rg5+ Kh6 Re5 Re2+ Kf3 Rd2 d5 Rd4 h4 Kg7 Rg5+ Kf8 Rc8+ Ke7 Rh5 Kd6 Rd8+ Kc5 d6+ Kc6 Rc8+ Kxd6 Rd8+ Rd7 Rxd7+ Kxd7 Rxh7+ Ke6 Rxa7 Kf6 Ra6+ Kg7 Rb6 Ra4 a6 Kf7 h5 Kg7 Kg4 Kg8 Rb8+ Kh7 Rb7+ Kh6 Rb6+ Kh7 Rc6 Kg8 Rc8+ Kg7 Rc6 Kg8 Rh6 Kg7 Rb6 Kg8 Re6 Kg7 Rb6 Kh7 Rb7+ Kh6 Rb6+ Kg7 Rb7+ Kh6 Ra7 f3+ Kxf3 Kxh5 Ke3 Kg6 Kd3 Rb4 Kc3 Rb6 Kd4 Rc6 Kd5 Rf6 Kc5 Kh6 Kb5 Rf5+ Kb6 Rf6+ Kb5 Rf5+ Kc4 Rf6 Ra8 Kg7 Kb5 Rf5+ Kb6 Rf6+ Kc5 Rf5+ Kd4 Rf6 Kc5 Rf5+ Kd6 Rf6+ Kc7 Rf7+ Kc8 Rf8+ Kb7 Rf7+ Kc6 Rf6+ Kb7 Rf7+ Kc6 Rf6+ Kd7 Rf7+ Kc8 Rf8+ Kb7 Rf7+ Kb6 Rf6+ Kc7 Kh7 Kb7 Rf7+ Kb6 Rf6+ Kb5 Rf5+ Kb6 Rf6+ Kb7 Rf7+ Kb6 Rf6+ Kb7 Rf7+ Kc6 Rf6+ Kc7 Rf7+ Kb6 Rf6+ Kc7 Rg6 a7 Rg7+ Kc6 Rg6+ Kc7 Rg7+ Kc6 Rg6+ Kb7 Rg7+ Ka6 Rg6+ Kb5 Rg5+ Ka6 Rg6+ Kb5 Rg5+ Ka4 Rg4+ Kb5 Rg5+ Ka4 Rg4+ Kb5 Rg5+ Kb4 Rg4+ Kb5 Rg5+
31,Draw,e4 c5 Nf3 e6 d4 cxd4 Nxd4 a6 c4 Bb4+ Bd2 Qb6 Nb3 Nf6 Bd3 d5 exd5 exd5 O-O O-O cxd5 Nxd5 Nc3 Nf6 a3 Bd6 Ne4 Nxe4 Bxe4 Nc6 Be3 Qc7 h3 Re8 Qc2 h6 Rac1 Qe7 Rfd1 Qxe4 Qxe4 Rxe4 Rxd6 Re7 Nc5 Bf5 Kh2 Bg6 a4 h5 g4 a5 Kg3 Rd8 Rxd8+ Nxd8 Nb3 Nc6 gxh5 Bxh5 Nxa5 Nxa5 Rc8+ Kh7 Rc5 Be2 Rxa5 Re4 Rf5 Rxa4 Rxf7 Rb4 Rd7 Rxb2 Bd4 Rb3+ Kf4 Kh6 Bxg7+ Kg6 Bd4 Rf3+ Ke4 Rxh3 Rg7+ Kh6 Be5 Bf3+ Ke3 Bc6+ Rg3 Rxg3+ fxg3 Kg5 Kd4 Kg4 Bb8 Bf3 Bd6 Be2 Be5 b5 Kc5 Kg5 Bb8 Kf6 Bd6 Kg6 Kd4 Bc4 Kc5 Kf5 Bc7 Be2 Bd6 Ke4 Bf4 Kf5 Kb4 Ke4 Ka5 Kd5 Kb4 Kd4 g4 Bxg4 Kxb5 Bd7+ Kb6 Bg4 Kb5 Bd7+ Kb6 Kc4 Bc7 Kd5 Bd6 Kxd6
32,Draw,e4 e5 Nf3 Nc6 Bb5 a6 Ba4 Nf6 O-O b5 Bb3 Bc5 a4 Bb7 d3 O-O Be3 Be7 Nc3 Na5 Ba2 b4 Ne2 d5 Ng3 dxe4 dxe4 Qxd1 Rfxd1 Nxe4 Nxe5 Bd6 Nd3 Nxg3 hxg3 Be4 Nxb4 Bxb4 Rd4 Bxc2 Rxb4 Rab8 Rg4 h5 Rg5 Nb3 Bxb3 Bxb3 Rxh5 Rfd8 Bf4 Rd1+ Rxd1 Bxd1 Ra5 Rxb2 Rxa6 Rb1 Kh2 Rb2 Be3 Ra2 a5 Be2 Ra7 f6 g4 Kh7 g5 Kg6 gxf6 gxf6 Bd4 Bd3 Kg1 Ra4 Bb2 Kf5 Ra8 Rb4 Ba3 Ra4 Bb2 Rb4 Bc3 Rc4 Bd2 Rc2 Be3 Ra2 Bd4 Ra4 Rd8 Be4 f3 Bb7 Bc3 Ra3 Bb4 Ra4 Bc3 Ra3 Be1 Ra1 Kf2 Ra2+ Kg3 Ba6 Bc3 Rc2 Be1 Ra2 Rd7 Bf1 Rd2 Ra1 Kf2 Bxg2 Kxg2 Rxe1 Ra2 Re8 Kf2 Ra8 Ke3 Ra6 Kd4 Ke6 Kc5 c6 Re2+ Kf5 Ra2 Ke6 f4 Kf5 Ra4 Ke6 Kd4 Kf5 Kc5 Ke6 Ra2 Kf5 Kd6 Kxf4 Kc7 Ra8 a6 f5 Kb7 Rf8 a7 Ke3 Ra3+ Ke2 Ra5 c5 Rxc5 f4 Rc8 Rxc8 Kxc8 f3 a8=Q f2 Qa6+ Ke1 Qa1+ Ke2 Qa6+ Ke1 Qe6+ Kf1 Qg4 Ke1 Qe4+ Kd2 Qf3 Ke1 Qe3+ Kf1 Qf3 Kg1 Qg3+ Kf1 Qd3+ Kg2 Qg6+ Kh2 Qb1 Kg2 Qc2 Kf1 Kb8 Kg1 Qg6+ Kh1 Qh7+ Kg1 Qg6+ Kh2 Qh5+ Kg1 Qg4+ Kh2 Qf3 Kg1 Qg3+ Kh1 Qd3 Kg2 Qe4+ Kg1 Qe3 Kg2 Qe2 Kg1 Qg4+ Kh2 Qf4+ Kg2 Qe4+ Kh2 Qf3 Kg1 Qg3+ Kh1 Qd3 Kg2 Qe4+ Kg1 Qg4+ Kh2 Qf4+ Kg2 Qg4+ Kh2 Qf3 Kg1 Qe3 Kg2 Qg5+ Kh1 Qf5 Kg2 Qe4+ Kg1 Qg4+ Kh2
33,Draw,e4 e5 Nf3 Nf6 Nxe5 d6 Nf3 Nxe4 d4 d5 Bd3 Bd6 O-O O-O c4 c6 Re1 Bf5 Qb3 Qd7 Nc3 dxc4 Bxc4 Nxc3 bxc3 b5 Bf1 Na6 a4 Nc7 Ne5 Bxe5 dxe5 a5 Ba3 Rfd8 Red1 Qe6 Qxe6 Bxe6 Rd6 Rdc8 Rxc6 bxa4 c4 Na6 Rxc8+ Rxc8 Bd6 Nc5 f3 Nd7 Rc1 a3 Bxa3 Nxe5 c5 Nc6 Bb5 h5 Kf2 h4 Rc3 f6 Rd3 Nb4 Rc3 Nc6 g3 hxg3+ hxg3 Kf7 f4 Nd4 Ba6 Rb8 g4 Rb3 Rxb3 Bxb3 f5 Ba4 Bb2 Bb5 Bxd4 Bxa6 c6 a4 Bc5 Bb5 c7 Bd7 Kf3 Bc8 Kf4 g6 fxg6+ Kxg6 Ba3 Kf7 Bb2 Kg6 Kf3 f5 gxf5+ Kxf5 Ke3 Ke6 Kd3 Kd7 Be5 Ke6 Bh2 Kd5 Kc3 Kc5 Kb2 Kb4 Bd6+ Kc4 Be7 Kd5 Ka3 Kc6 Bd8 Kb5 Bh4 Bd7 Kb2 Kc6 Bg3 Kc5 Ka3 Kb5 Bd6 Bc8 Bb4 Ba6 Bc5 Bc8 Bg1 Kc6 Bb6 Kxb6 Kxa4 Kxc7
34,White,e4 e5 Nf3 Nc6 Bb5 a6 Ba4 Nf6 O-O Be7 Re1 b5 Bb3 O-O c3 Na5 Bc2 d5 d4 dxe4 Nxe5 c5 Bf4 Bb7 dxc5 Bxc5 Nd2 Qb6 Qe2 Rae8 b4 Nd5 bxc5 Nxf4 cxb6 Nxe2+ Rxe2 Rxe5 a4 f5 f3 bxa4 fxe4 fxe4 Bxe4 Rb5 Rxa4 Bxe4 Rexe4 Nc6 Rxa6 Nb8 Ra7 Rxb6 Rg4 g6 Rh4 h5 Re4 Rf7 Rxf7 Kxf7 Re2 Nd7 Ne4 Ne5 Kf2 Ra6 h3 Nc4 Nd2 Nb2 Ke3 Rd6 Ne4 Nc4+ Kf4 Rd5 Ng5+ Kg7 Nf3 Kf6 Ke4 Rd7 Rf2 Nd6+ Kd5 Nf5+ Kc6 Rd8 c4 Rc8+ Kd5 Ne7+ Kd4 Nf5+ Kd3 Nd6 Nd4+ Ke7 Rc2 Rc5 Nf3 Kf6 Rf2 Rc8 Nd4+ Ke7 Rc2 Rc5 Ne2 Ke6 Kd4 Re5 Nf4+ Kf6 Kd3 Rc5 Nd5+ Ke5 Re2+ Kf5 g3 Ra5 Kd4 Kg5 Ne7 Kf6 c5 Ra4+ Kd5 Nb5 Re6+ Kf7 Re3 Ra1 Nc8 Kf6 Rf3+ Kg7 Rd3 Nc7+ Kd6 Ne8+ Kd7 Nf6+ Kc7 Rc1 c6 Kf7 Nd6+ Ke6 Nb5 h4 Kb7 Ne4 Re3 Kf5 Nd4+ Ke5 Ne2 Rc5 gxh4 Kd5 Nf4+ Kd4 Rd3+ Ke5 Nxg6+ Kf5 Nf8 Rb5+ Kc8 Ra5 Rf3+ Ke5 c7 Ra2 Kd8 Nd6 Kd7 Rd2 Ng6+ Ke4 Rf4+ Kd5 h5 Kc5 c8=Q+ Nxc8+ Kxc8 Rd6 Kc7 Rd3 Rh4 Rg3 Kd7 Ra3 Ke6 Ra6+ Kf5 Ra7 h6 Rh7 Kg5 Kb6 Nf8 Rh8 Rf4 Kc6 Rf6+ Kb5 Rf7 Kb6 h4 Rg8+ Ng6 Ra8 h7 Kc5 Rf8 Rxf8 Nxf8 Kc4 Ng6 Kb5 h8=Q Kc5 h5 Kb4 Qd4+ Ka3 Qc4 Kb2 h6 Ka1 h7 Kb1 Ne7 Ka1 h8=Q+ Kb1 Qb3+ Kc1 Qhb2#
35,Draw,e4 e5 Nf3 Nc6 d4 exd4 Nxd4 Bb4+ c3 Bc5 Nxc6 bxc6 Bd3 d6 b4 Bb6 O-O Nf6 Nd2 Ng4 Nf3 a5 h3 Ne5 Nxe5 dxe5 a4 O-O Bc4 Qf6 Be3 h6 bxa5 Rxa5 Bxb6 cxb6 Qb3 Qg5 Kh2 Qf4+ g3 Qxe4 Qxb6 Ra8 Qc5 Qf5 h4 Qh3+ Kg1 Bg4 Qe3 Be6 Bxe6 Qxe6 a5 f5 Ra4 Ra6 Qc5 e4 Re1 Rd8 Rd4 Rd5 Rxd5 Qxd5 Qxd5+ cxd5 Ra1 g5 hxg5 hxg5 Kf1 Kf7 Ke2 f4 gxf4 gxf4 f3 Ke6 Ra4 Kf5 Kf2 Ke5 Kf1 Kf5 Kf2 Ke5 Ke2 Kf5 Kf2 e3+ Ke1 Rh6 a6 Rh1+ Ke2 Rh2+ Kd1 Rh1+ Ke2 Rh2+ Ke1 Rh1+ Ke2 Rh2+ Kd1 Rh1+ Ke2 Rh2+ Kd1 Rh1+ Ke2
36,Draw,e4 e5 Nf3 Nc6 d4 exd4 Nxd4 Nf6 Nxc6 bxc6 Bd3 d5 exd5 cxd5 O-O Be7 Nc3 O-O h3 c5 Re1 Be6 Bf4 Rc8 Bf1 Bd6 Nxd5 Nxd5 Bxd6 Qxd6 c4 Rfd8 cxd5 Qxd5 Qxd5 Bxd5 Re3 Be6 Ra3 Rc7 b3 g6 Rc1 Rd2 Bc4 Bxc4 Rxc4 Re7 Rf4 Rd1+ Kh2 Rd4 Rf3 Red7 g4 c4 bxc4 Rxc4 Kg2 Kg7 Ra6 Kf8 Rfa3 Rcc7 h4 Kg7 R6a5 h6 Ra6 Rd4 R3a4 Rdd7 R6a5 Re7 Ra3 Kh7 R5a4 Kh8 Kg3 Kg7 Kg2 Red7 g5 Re7 Kg3 Red7 Ra5 Kh7 Ra6 Rb7 R3a4 Rb5 R4a5 Rxa5 Rxa5 Kg8 a4 Kg7 Ra6 Rd3+ Kg2 Rd7 a5 Rc7 f4 h5 Kg3 Rc3+ Kg2 Rc2+ Kf3 Rc3+ Ke4 Rh3 Rxa7 Rxh4 Rd7 Rh2 a6 Ra2 a7 Ra1 Kf3 Ra3+ Ke2 Ra1 Rb7 Ra2+ Kf3 Ra3+ Kf2 Ra2+ Kf1 Ra6 Rc7 Ra2 Kg1 Ra1+ Kh2 Ra3 Kg2 Ra2+ Kh3 Ra6 Kg2 Ra4 Kf3 Ra3+ Kf2 Ra4 Kg2 Ra1 Kf2 Ra2+ Kf3 Ra3+ Kf2 Ra2+ Kf1 Ra4 Kg1 Ra1+ Kf2 Ra2+ Kf3 Ra3+ Kf2 Ra2+ Kf3 Ra3+ Kf2 Ra2+
38,Draw,e4 e5 Nf3 Nc6 Bb5 a6 Ba4 Nf6 O-O Be7 Re1 b5 Bb3 O-O h3 Bb7 c3 Na5 Bc2 d5 d4 dxe4 Nxe5 c5 Be3 Qc7 Nd2 Rad8 Rc1 Bd6 Qe2 Bxe5 dxe5 Qxe5 b4 cxb4 Bb6 Rxd2 Qxd2 bxc3 Qd4 Qxd4 Bxd4 Rc8 a3 h6 f3 Nc4 Bxc3 Nxa3 Bb3 Nd7 Ba1 Nc5 Ba2 exf3 gxf3 Nc4 Bxc4 bxc4 Rxc4 Ne6 Rxc8+ Bxc8 Rb1 Bd7 Rb8+ Kh7 Rb7 Nf8 h4 Be6 h5 Nd7 Kf2 Nc5 Ra7 Nd3+ Ke3 Nb4 Bb2 Nd5+ Ke4 Nb4 Bc3 Nd5 Bd4 Nb4 Bc3 Nd5 Bb2 Nb4 Bc3 Nd5 Bb2 Nb4 Bc3 Nd5 Bd4 Nb4 Bc3
39,Draw,e4 e5 Nf3 Nc6 Bc4 Bc5 c3 Nf6 d3 d6 b4 Bb6 a4 a5 b5 Ne7 O-O c6 Nbd2 O-O bxc6 bxc6 d4 exd4 cxd4 d5 e5 Nh5 Be2 Nf4 Re1 Nxe2+ Qxe2 c5 dxc5 Bxc5 Nb3 Bb6 e6 fxe6 Nbd4 Bxd4 Nxd4 Qb6 Nxe6 Qxe6 Qxe6+ Bxe6 Rxe6 Nf5 Rb6 Rfc8 Bf4 Rc4 g3 Rb4 Re6 Nd4 Re7 Nf3+ Kh1 Re4 Rxe4 dxe4 Bc7 g5 Kg2 h5 Rc1 Kf7 Rc4 Ne1+ Kg1 Nf3+ Kg2 Ne1+ Kf1 Nf3 Ke2 Nxh2 Rxe4 Ng4 Kf1 Kg6 Kg2 Nf6 Re6 h4 Rb6 Kf7 Rb5 Rc8 Bxa5 hxg3 Kxg3 Ne4+ Kg4 Rc4 Rb4 Nxf2+ Kf3 Rc2 Bb6 Nd3 Rb5 Ke6 Ke4 Nf4 Kd4 Nd5 Bc5 g4 a5 Ra2 Bb6 Ra1 Rb2 Kd6 Bc5+ Ke6 Re2+ Kf6 Bb6 Nxb6 axb6 Rb1 Kc5 Kf5 Rg2 Kf4 Kc6 Kf3 Rxg4 Kxg4 Kc7 Rc1+ Kd7 Rb1 Kc6 Kf5 b7 Kg4 Kc7 Rc1+ Kd7 Rb1 Kc8 Rc1+ Kd8 Rb1 Kc7 Kf3 b8=Q Rxb8 Kxb8
40,Draw,e4 c5 Nc3 d6 Nge2 e5 Ng3 Be6 Bb5+ Nc6 d3 Nf6 O-O Be7 Bxc6+ bxc6 h3 O-O b3 Nd7 f4 exf4 Bxf4 Ne5 Be3 Ng6 Nce2 a5 a4 d5 Nf5 dxe4 dxe4 c4 Ned4 Bf6 Rc1 Bxf5 Nxf5 Qxd1 Rcxd1 cxb3 cxb3 h5 Bc5 Rfb8 Nh6+ Kh7 Nxf7 Rb7 Nd6 Rxb3 Bd4 Bxd4+ Rxd4 Rd8 Rf5 Rb4 Rxh5+ Kg8 Rd2 Rxa4 Kh2 Ra1 Rg5 Kh7 Rh5+ Kg8 Rg5 Kh7 Rh5+ Kg8 Rg5 Kh7 Rh5+ Kg8 Rc5 a4 Rxc6 Rf1 Nc4 Rxd2 Nxd2 Rf6 Rc8+ Rf8 Rc6 Rf6 Rc8+ Rf8 Rc6 Rf6 Rc8+ Rf8 Rc6 Rf6 Rc8+ Rf8 Rc6 Rf6
41,Draw,e4 e5 Nf3 Nc6 Bb5 a6 Ba4 Nf6 O-O b5 Bb3 Bb7 c3 Nxe4 d4 exd4 Bd5 Nd6 Re1+ Be7 Qe2 d3 Qxd3 O-O a4 b4 Bf4 bxc3 bxc3 Na5 Nbd2 Bxd5 Qxd5 c6 Qd4 Ne8 Qe3 Bd6 Bg5 f6 Bf4 Bxf4 Qxf4 Qc7 Qd4 d5 h4 Nd6 h5 h6 Nh4 Rfe8 Rab1 Nac4 Nxc4 Nxc4 Qg4 Rad8 Rxe8+ Rxe8 Qg6 Rd8 Qg4 Qd7 Qxd7 Rxd7 Rb8+ Kf7 Rc8 Nb6 Rxc6 Nxa4 Nf5 Ra7 Nd6+ Kg8 f3 Kh7 Kf2 a5 Ke3 Nb2 Rb6 Re7+ Kd4 Re2 g4 Rd2+ Ke3 Rd3+ Ke2 Nc4 Nxc4 dxc4 Rb5 g5 Rxa5 Rxc3 Ra7+ Kg8 Rc7 Kf8 Kf2 Ke8 Ke2 Kf8 Rh7 Rc1 Rxh6 Kg7 Rg6+ Kf7 Rh6 Kg7 Rg6+ Kf7 Rh6 Kg7 Rg6+ Kf7 Rh6 Kg7 Rg6+ Kf7 Rh6 Kg7
42,Draw,e4 e5 Nf3 Nc6 Bb5 a6 Ba4 Nf6 O-O Nxe4 d4 b5 Bb3 d5 dxe5 Be6 c3 Bc5 Nbd2 O-O Bc2 Bxf2+ Rxf2 Nxf2 Kxf2 f6 Nf1 fxe5 Kg1 Bg4 Ne3 Be6 b4 h6 a4 Qd6 Bb2 Rae8 Qd2 Re7 axb5 axb5 Ra6 Bc8 Ra1 Be6 Ra6 Bc8 Ra1 Be6 Ra6 Bc8 Ra8 e4 Qxd5+ Qxd5 Nxd5 exf3 Nxe7+ Nxe7 Bb3+ Kh7 Bc2+ g6 c4 bxc4 Be4 f2+ Kf1 Nf5 Bxf5 gxf5 Ra7 Rf7 Be5 Kg6 Rxc7 Rxc7 Bxc7 Kg5 g3 Kg4 Kxf2 Kh3 Bf4 c3 Bxh6 Kxh2 Bf4 Kh3 Ke2 Ba6+ Kd1 Bd3 Kc1 Kg4 Be5 Kf3 Kd1 Be4 b5 c2+ Kd2 Kf2 Bf4 Kf3 Bb8 Kg2 Bc7 Kf2 Bd6 Kg2 b6 Kf2 Bb8 Kg2 Bd6 Kf3 Bc7 Kf2 b7 Bxb7 Kxc2 Ke3 Kc3 Bf3 Kc4 Ke4 Kc5 Bd1 Bf4 Be2 Kc6 Bd1 Kd6 Bb3 Ke7 Kd4 Kf6 Ke4 Bd6 Ba4 Kg5 Bc2 Be7 Kf3 Bd6 Ke4 Bf4 Ba4 Bd6 Bc2 Bb4 Ke3 Bd6 Ke4 Kf6 Kd5 Bf4 Bb1 Kg5 Ke4 Bd2 Ba2 Kf6 Bb1 Kg5 Ba2 Kf6 Bb1 Ke6 Kf3 Bf4 Ke4 Bb8 Kd4 Kd6 Ke4 Kc6 Kd4 Kd6 Bd3 Ke6 Ke4 Kf7 Bb1 Ke6 Kd4 Bf4 Be4 Be5+ Ke3 Bb8 Kd4 Ba7+ Kd3 Ke5 Kc4 Bb8 Kd3 Kd6 Bg2 Ke5 Bh3 Kf4 Ke2 Bc7 Bg4 Ba5 Bh3 Bd8 Bg4 Be7 Kf1 Bd6 Kf2 Bc5+ Kg2 Bd4 Kh2 Ba7 Kh3 Bf2 Be2 Bg1 Bf1 Kxf5 Kxg3 Ke5 Kg4 Ke4 Bg2+ Ke3 Bd5 Bf2 Ba8 Bg3 Kxg3
43,Draw,e4 c5 Nf3 Nc6 Bb5 g6 O-O Bg7 c3 Nf6 Re1 O-O d4 d5 Bxc6 bxc6 e5 Ne4 Be3 cxd4 cxd4 Bf5 Nbd2 Qb6 Nh4 Qxb2 Nxf5 gxf5 Rb1 Qxa2 Ra1 Qb2 Rb1 Qa3 Rb3 Qa6 Nf1 c5 dxc5 d4 Qxd4 Qe6 Qd1 Rfc8 Bd4 Rd8 Rd3 Rac8 Ng3 Nxc5 Bxc5 Rxd3 Qxd3 Rxc5 f4 Qb6 Kh1 Qc7 Nxf5 Rc1 Qe3 Rxe1+ Qxe1 Bf8 h3 Qc4 Qg3+ Kh8 Qg5 Qe6 Nd4 Qb6 Nf3 Qb1+ Kh2 h6 Qg4 e6 Nd4 Qe4 Ne2 Bc5 Qh4 Kh7 Qf6 Qg6 Qd8 h5 Nd4 Qh6 g3 Kg7 h4 Qg6 f5 exf5 Qd5 Bxd4 Qxd4 a6 Qd2 Qg4 Qd6 f4 Qf6+ Kg8 gxf4 Qg6 Qd8+ Kg7 Qd4 Qf5 Qf2 a5 Qg1+ Qg6 Qd4 Qe6 Qa1 Qf5 e6+ f6 Qg1+ Kf8 Qc1 Qxe6 Qc5+ Kg7 Qxh5 a4 Qc5 Qe4 Kg3 Qd3+ Kh2 Qe2+ Kg3 Qe1+ Kg4 Qd1+ Kg3 Qd7 f5 Kg8 Qc4+ Kg7 Qg4+ Kf8 Qb4+ Kf7 h5 Qa7 Qe4 Kg7 Kh3 Qd7 Qg4+ Kh8 Qe4 Kg7 Qe6 Qxe6 fxe6 a3 h6+ Kxh6 e7 a2 e8=Q a1=Q Qd7 Qh1+ Kg3 Qe1+ Kf3 Qe5 Qd2+ Kg6 Qg2+ Kf7 Qa2+ Kf8 Qc4 f5 Qf4 Qd5+ Ke3 Kf7 Kf2 Qc5+ Qe3 Qxe3+ Kxe3 Kf6 Kf3 Ke5 Ke3 Kd6 Kf3 Ke6 Ke3 Ke5 Kf3 f4 Kg2 Ke4 Kf2 Kf5 Kf3 Ke5 Kf2 Ke4 Ke2 f3+ Kf1 Kd3 Kf2 Ke4 Kf1 Kd3 Kf2 Ke4 Kf1 Kd4 Kf2 Ke4 Kf1 Ke3 Ke1 Kd4 Kf1 Ke3 Ke1 Kd4 Kf2 Ke4 Kf1
44,Draw,e4 e5 Nf3 Nf6 Nxe5 d6 Nf3 Nxe4 d4 Be7 Bd3 d5 O-O O-O c4 Nf6 Nc3 Nc6 h3 Nb4 c5 Nxd3 Qxd3 c6 Bf4 Re8 Rae1 b6 b4 bxc5 dxc5 a5 b5 cxb5 Nxb5 Bxc5 Rc1 Ne4 Nc7 Ra7 Nxe8 Ba6 Qc2 Bxf1 Rb1 Bb4 a3 Qxe8 axb4 Bb5 Nd4 Ba4 Qb2 axb4 Nf5 Nc3 Qxb4 Qb5 Bh6 f6 Bxg7 Qxb4 Rxb4 Kf7 Rb6 Ne4 Bh8 Ra8 f3 Rxh8 fxe4 dxe4 Nd6+ Kg7 Nxe4 Rc8 Nxf6 Rc6 Rxc6 Bxc6 Nxh7 Bxg2 Kxg2 Kxh7 Kf3 Kg7 Kg3 Kh6 Kf4 Kh5 Kg3 Kg5 Kf3 Kf5 h4 Kf6 Kg4 Kg6 h5+ Kh7 Kg3 Kh8 Kf4 Kg7 Kg5 Kh7 h6 Kg8 Kf6 Kh7 Kg5 Kg8 Kf6 Kh7 Kg5 Kg8 Kf6 Kh7 Kg5 Kg8 Kf6 Kh7 Kg5
45,Draw,e4 e5 Nf3 Nc6 Bb5 a6 Ba4 Nf6 O-O Nxe4 d4 b5 Bb3 d5 dxe5 Be6 c3 Bc5 Nbd2 O-O Bc2 Nxf2 Rxf2 Bxf2+ Kxf2 f6 Nf1 fxe5 Kg1 Bg4 Ne3 Be6 b4 h6 a4 Qd6 Bb2 Rad8 Qe1 Rf4 Qg3 e4 Nd4 Nxd4 cxd4 Qxb4 Qxf4 Qxb2 Rd1 Qc3 Qf2 b4 Qd2 Rb8 Qxc3 bxc3 Rb1 Rxb1+ Bxb1 c5 Nc2 cxd4 Nxd4 Kf7 Kf2 Kf6 Ke3 Bd7 a5 Ke5 Bc2 Kd6 Nb3 Ke5 Nd4 Kd6 Nb3 Ke5 Nd4 Kd6 Nb3 Ke5 Nd4 Kd6 Nb3 Ke5 Nd4
46,Draw,e4 e5 Nf3 Nf6 Nxe5 d6 Nf3 Nxe4 d4 d5 Bd3 Be7 O-O O-O c4 Nf6 h3 dxc4 Bxc4 a6 Nc3 b5 Bb3 Bb7 Re1 Nbd7 Nh4 Re8 Nf5 c5 dxc5 Bxc5 Rxe8+ Qxe8 Bf4 Nf8 Nd6 Bxd6 Qxd6 Rd8 Qb6 Qc6 Qxc6 Bxc6 Re1 b4 Rd1 Rxd1+ Nxd1 Bd5 Bxd5 Nxd5 Bd2 f6 Kf1 Kf7 Ke2 Ke6 Ne3 Nf4+ Kf1 Nd3 b3 Nd7 Ke2 Nf4+ Kf1 Nd3 Ke2 Nf4+ Kf3 g5 Nc4 Nd5 Ke4 f5+ Kd4 g4 hxg4 fxg4 Ne3 N7f6 Nxd5 Nxd5 Bh6 Kd6 Bd2 h5 g3 Ke6 Ke4 Kd6 Kd4 Ke6 Kc4 Ke5 Kd3 Kf5 Kd4 Ke6 Ke4 Nf6+ Kd4 Nd5 Kc4 Ke5 Kd3 Ke6 Ke4 Nf6+ Kd4 Nd5
37,Black,e4 e5 Nf3 Nc6 Bb5 a6 Ba4 Nf6 O-O Nxe4 d4 b5 Bb3 d5 dxe5 Be6 c3 Bc5 Nbd2 O-O Bc2 Nxf2 Rxf2 f6 exf6 Bxf2+ Kxf2 Qxf6 Nf1 Rae8 Be3 Ne5 Bc5 Nxf3 gxf3 Rf7 Ng3 Bg4 Kg1 Qxf3 Qxf3 Rxf3 Rf1 Rxf1+ Kxf1 Re6 b4 h5 h4 g5 hxg5 Re5 Bd4 Rxg5 Bf6 Bh3+ Kf2 Rg4 Kf3 Kf7 Bd4 Rg5 Kf4 Rg4+ Kf3 Rg5 Be3 Rg8 Nf5 Bg4+ Kf4 Bxf5 Bxf5 Rg2 a3 Ra2 Bd4 Rxa3 Kg5 Ke7 Bc5+ Kf7 Bd4 a5 bxa5 Rxa5 Kxh5 Ra3 Kg5 c5 Bxc5 Rxc3 Bd6 Rc4 Bd3 Ke6 Bf8 Ra4 Bxb5 Ra2 Kh4 Rg2 Bc5 Rb2 Bd3 Rb3 Be2 Kd7 Kg5 Kc6 Bd4 Rb1 Bh5 Rh1 Bg6 Kd6 Kg4 Rd1 Bf2 Rd2 Kf3 Ra2 Bd4 Rh2 Be8 Rh4 Bg7 Rh1 Bd4 Rd1 Be3 Ke5 Bf4+ Kd4 Ke2 Ra1 Bg5 Rh1 Kf2 Ke5 Ke2 Kf5 Be3 Ke5 Kf2 d4 Bg5 Kf5 Bd2 Rh2+ Ke1 d3 Bc6 Ke5 Bc3+ Kf4 Ba5 Rc2 Bc7+ Kf5 Bd7+ Ke4 Bb6 Rb2 Bc6+ Kf4 Bd4 Rc2 Bd5 Re2+ Kd1 Kf5 Bg7 Rc2 Ba1 Rc5 Bg2 Kf4 Bg7 Rc2 Bh6+ Ke5 Bg7+ Kf4 Ba8 Kf5 Bd5 Rc7 Bf8 Ke5 Bg8 Kd4 Be6 Rh7 Kd2 Rh2+ Kd1 Rg2 Bb4 Rg1+ Kd2 Rg2+ Kd1 Rg6 Bc8 Rb6 Bf8 Rg6 Bb4 Rc6 Bh3 Rh6 Bc8 Rb6 Bf8 Rg6 Bb4 Rb6 Bf8 Rg6 Bb4 Rc6 Bf5 Rb6 Bf8 Rb7 Bc8 Rc7 Be6 Rb7 Kd2 Rb2+ Kd1 Rg2 Bb4 d2 Bh3 Rg3 Bf5 Rg5 Bc8 Rb5 Bf8 Ke4 Bg7 Rh5 Kxd2 Rh2+ Kd1 Ke3 Bf8 Kd4 Be7 Rf2 Bb4 Rb2 Be7 Rb8 Bh3 Rb3 Bg2 Rg3 Bb7 Rb3 Ba6 Rb6 Bc8 Rb8 Bg4 Re8 Bf6+ Kc5 Bh5 Re6 Bh4 Rh6 Be7+ Kd4 Bg4 Rg6 Bd7 Rh6 Bg4 Rg6 Bf5 Rc6 Bg5 Ke5 Bd3 Kd4 Kd2 Rd6 Bh7 Ke5+ Ke3 Ra6 Bf4+ Kf6 Kd3 Ra4 Be4 Ra1 Ke3 Ra3+ Kd4 Ra1 Be5+ Kg5 Ke3 Ra3+ Bd3 Kg4 Bd4 Ra8 Be5 Re8 Ke4 Kg5 Bb5 Re7 Be2 Re8 Bc4 Re7 Bf1 Kg4 Be2+ Kg5 Bc4 Ra7 Bf4+ Kf6 Bb3 Re7+ Kd5 Rd7+ Ke4 Rb7 Be5+ Kg5 Bf4+ Kh4 Bd1 Rb2 Bd6 Rb7 Bg3+ Kxg3 Kf5 Rb8 Bc2 Rb7 Ke4 Kg4 Bd3 Re7+ Kd5 Kf4 Kd6 Re5 Ba6 Rh5 Bb7 Ke3 Ke6 Kd4 Bf3 Rb5 Bg4 Re5+ Kd7 Ke4 Kc6 Rg5 Be6 Rg3 Bf7 Ke5 Kd7 Rg7 Ke8 Kd6 Kf8 Rh7 Bc4 Rh4 Bg8 Rf4+ Ke8 Rf5 Bb3 Rb5 Bg8 Rb7 Kf8 Re7 Bc4 Kd7 Bb3 Kd6 Bf7 Rc7 Bh5 Re7 Bf7 Ra7 Bb3 Ke5 Ke8 Ra3 Bc4 Ra4 Bf1 Kd6 Bd3 Ke6 Kf8 Ra8+ Kg7 Ra3 Bb1 Rg3+ Kh6 Ke5 Kh5 Kf6 Be4 Ke5 Bh7 Kf4 Kh6 Ke5 Bc2 Rc3 Bd1 Kf6 Kh5 Ke5 Be2 Kf5 Bg4+ Ke5 Kg5 Rg3 Kh5 Kd5 Bd1 Rh3+ Kg5 Rg3+ Kf5 Rg1 Bc2 Ra1 Bb1 Rxb1 Kf6 Kd6 Kf5 Rb4 Kf6 Rf4+ Kg7 Ke7 Kg6 Rf1 Kg5 Kf7 Kh5 Rg1 Kh6 Rg2 Kh5 Kg7 Kh4 Kh6 Kh3 Rg7 Kh2 Rg8 Kh3 Kh5 Kh2 Kh4 Kh1 Kg3 Kg1 Rf8 Kh1 Rf1#
48,Draw,e4 e5 Nf3 Nc6 Bb5 a6 Ba4 Nf6 O-O Nxe4 d4 b5 Bb3 d5 dxe5 Be6 c3 Bc5 Nbd2 O-O Bc2 Nxf2 Rxf2 Bxf2+ Kxf2 f6 Kg1 fxe5 Nf1 Qd7 Qe1 Bg4 Nxe5 Nxe5 Qxe5 Rae8 Qg3 d4 Bf4 Kh8 Bxc7 Be2 Qh3 Qxh3 gxh3 d3 Bb3 Bf3 Nd2 Ba8 Rf1 Rxf1+ Kxf1 Re2 Bf4 Bg2+ Kg1 Bc6 Kf1 Bg2+ Kg1 Bb7 h4 Re1+ Kf2 Re2+ Kf1 Bg2+ Kg1 Bb7 h5 Bc6 h6 gxh6 Bf7 Rg2+ Kf1 Kg7 Bh5 Kf6 h3 Kf5 Bxh6 Rg3 Bg4+ Kg6 Bf4 Rg2 Bc8 Re2 Bg4 Rg2 Bc8 Re2 Bg4 Rg2 Bd1 Kf5 Be3 Rh2 Bg4+ Kg6 Bf4 Rg2 b4 Ba8 Bc8 Re2 Bg4 Rg2 Ke1 Bb7 Kf1 Ba8 Bd7 Re2 Bg4 Rg2 Ke1 Bb7 Kf1 Ba8
50,Draw,e4 e5 Nf3 Nc6 Bb5 a6 Ba4 Nf6 O-O Nxe4 d4 b5 Bb3 d5 dxe5 Be6 c3 Bc5 Qe2 O-O Be3 Re8 Rd1 f6 Bc2 Qe7 a4 Nxe5 Bxe4 dxe4 Nxe5 fxe5 Nd2 bxa4 Rxa4 Bxe3 Qxe3 Qd7 Rda1 Rab8 b4 Rbd8 Nf1 Bc4 Qxe4 Bd3 Qe1 Bxf1 Qxf1 Qd3 Rxa6 Qxc3 b5 Rd2 Rc6 Qd4 Rxc7 Rxf2 Qxf2 Qxa1+ Qf1 Qd4+ Kh1 Rf8 Qb1 e4 Rc1 h6 b6 Rb8 b7 Qd7 Qxe4 Rxb7 h3 Rc7 Qa8+ Kh7 Qe4+ Kh8 Rxc7 Qxc7 Qg6 Qc1+ Kh2 Qe3 h4 Qe5+ g3 Qe2+ Kg1 Qe1+ Kg2 Qe2+ Kh3 Kg8 g4 Qf3+ Kh2 Qf2+ Kh3 Qf3+ Kh2 Qf2+ Kh3 Qf3+ Kh2 Qf2+ Kh3 Qf3+ Kh2 Qf2+ Kh3 Qf3+
49,Draw,e4 c5 Nf3 Nc6 Bb5 g6 Bxc6 bxc6 O-O Bg7 Re1 Qc7 c3 d6 d4 cxd4 cxd4 Nf6 Nc3 O-O h3 c5 e5 dxe5 dxe5 Rd8 Qa4 Nh5 Bg5 Bb7 e6 f6 Be3 f5 Rad1 f4 Bc1 Bxf3 gxf3 Bd4 Ne2 Qb6 Nxd4 cxd4 Qa3 Qb7 Re4 Ng7 Bxf4 Nf5 Rc1 Rdc8 Rd1 Rc2 Be5 Rd8 Qd3 Rc5 Rd2 Qc8 Kg2 Rdd5 Qe2 Qd8 b4 Rc8 Qa6 Rc1 Bg3 h5 Qxa7 d3 Qb8 Qxb8 Bxb8 g5 Bg3 Rc2 Rd1 Rxa2 h4 gxh4 Bxh4 Kg7 Bg3 Kg6 Bc7 Rc2 Be5 Rc6 b5 Rb6 f4 Rbxb5 Rc4 Rd8 Bc7 Rg8 Rxd3 Kf6+ Kf3 Kxe6 Be5 Kf7 Ke4 Nh6 Rh3 Ng4 Bd4 Rg6 Kf3 Nf6 Rc8 Rg1 Rc4 Rd5 Rh4 Ng4 Bb2 Kg6 Bd4 Nh6 Be5 Nf5 Rh2 h4 Rg2+ Rxg2 Kxg2 Kh5 Rc8 Rd3 Rh8+ Kg6 Rg8+ Kf7 Rh8 e6 Kh2 Kg6 Rg8+ Kf7 Rh8 Rf3 Kg2 Rd3 Kg1 Kg6 Rg8+ Kf7 Rc8 Nd4 Rc7+ Kg6 Rg7+ Kf5 Rg5+ Ke4 Bxd4 Rxd4 Re5+ Kxf4 Rxe6 Kg4 Re3 Rf4 Kg2 h3+ Rxh3 Rxf2+ Kxf2 Kxh3
51,Black,e4 c5 Nf3 Nc6 d4 cxd4 Nxd4 Nf6 Nc3 e5 Ndb5 d6 Bg5 a6 Na3 b5 Nd5 Be7 Bxf6 Bxf6 c4 b4 Nc2 a5 g3 O-O h4 g6 Bh3 Be6 h5 Bxd5 cxd5 Nb8 Ne3 Bg5 Nc4 Na6 O-O Re8 f4 exf4 Qf3 Qc7 b3 Bf6 Rae1 Bc3 Qxf4 Bxe1 Rxe1 Nc5 hxg6 hxg6 Nxd6 Red8 Nc4 Qxf4 gxf4 a4 f5 gxf5 Bxf5 axb3 axb3 Nxb3 Kf2 Ra2+ Ke3 Rc2 Nb6 Rc3+ Kf4 Nd4 e5 b3 Rg1+ Kf8 Rb1 Ne2+ Kg5 Kg7 Bg4 Nd4 Nd7 Rdc8 Nb6 Rb8 Nd7 Rb4 Nf6 Re3 Nh5+ Kf8 Kf6 Nb5 Ra1 Nc7 d6 Ne8+ Kf5 b2 Rb1 Ng7+ Nxg7 Kxg7 Bd1 Re1 Bc2 Rxb1 Bxb1 Rd4 Bc2 Kf8 Kg5 Rd2 Bh7 Rd1 d7 Ke7 d8=Q+ Rxd8 Bc2 Ke6 Kf4 Rd4+ Kf3 Kxe5 Ke2 Kf4 Bb1 Rc4 Kd2 Rc1 Ba2 b1=Q Bxb1 Rxb1 Kd3 Rb4 Kc3 Ra4 Kb3 Rd4 Kc3 Ke3 Kc2 f6 Kc3 Re4 Kc2 Ke2 Kc3 Rh4 Kc2 Rh3 Kc1 Kd3 Kb2 Kd2 Kb1 Rb3+ Ka1 Kc2 Ka2 Rg3 Ka1 Ra3#
52,Draw,e4 c5 Nf3 Nc6 Bb5 g6 O-O Bg7 Bxc6 dxc6 d3 Nf6 a4 a5 Be3 b6 Qc1 h6 Rd1 Ng4 Bd2 Ne5 Nxe5 Bxe5 Bc3 Qc7 Bxe5 Qxe5 f4 Qf6 Na3 Be6 b3 O-O-O Rb1 Kb7 Qd2 h5 Re1 Rhg8 Qf2 Qd4 h4 Ka6 Re3 Qb4 Ra1 Qd4 Rf1 Qb2 Nc4 Bxc4 bxc4 e6 Ree1 Qd4 g3 Rb8 Ra1 f6 Kg2 Qc3 Rab1 Rb7 Rfe1 g5 Rb3 Qd4 Qxd4 cxd4 hxg5 fxg5 f5 exf5 exf5 Rf8 g4 hxg4 Re6 Rxf5 Rxc6 Rf3 c5 Re3 Rb2 Re1 Rbxb6+ Rxb6 Rxb6+ Ka7 Rb2 Re3 Rb5 Re2+ Kg3 Rxc2 Kxg4 Rc3 Kf5 Rxd3 Ke5 Rh3 c6 Rh6 Kd5 d3 c7 d2 c8=N+ Ka6 Rb1 g4 Rd1 Rh2 Rb1 Rh6 Rd1 Rh2 Rb1 Rh6 Rd1 Rh2 Rb1 Rh6 Rd1 Rh2 Rb1 Rh6
47,Black,e4 e5 Nf3 Nf6 Nxe5 d6 Nf3 Nxe4 d4 Be7 Bd3 d5 O-O Nc6 Nc3 Bf5 Re1 Nxc3 bxc3 Bxd3 Qxd3 O-O Rb1 Na5 Bf4 Bd6 Ng5 g6 Qh3 h5 Qg3 Bxf4 Qxf4 Qd6 Qxd6 cxd6 Re7 Rae8 Rbe1 Rc8 R1e3 f6 Ne6 Rf7 Nf4 Rxe7 Rxe7 Rxc3 h4 Rxc2 Nxg6 Nc6 Rxb7 Nxd4 Ne7+ Kf8 Nxd5 Rxa2 Nxf6 Ne2+ Kh2 Nf4 Kg3 Ne2+ Kf3 Nd4+ Kg3 Nf5+ Kh3 Rxf2 Nxh5 d5 Rxa7 Ne3 Ra8+ Ke7 Kg3 Rxg2+ Kf3 d4 Ra7+ Kd6 Ra4 Rg4 Nf4 Ke5 Ra5+ Kd6 h5 Rh4 h6 Ng4 Kg3 Rxh6 Kxg4 Rh2 Rd5+ Kc6 Rxd4 Rh8 Rd1 Re8 Kf5 Rb8 Nd5 Rb2 Ne3 Rb8 Rc1+ Kd6 Rd1+ Kc5 Nd5 Kc4 Ke6 Rh8 Nc7 Kb3 Rf1 Rh6+ Ke5 Rh7 Ne6 Rh5+ Ke4 Kb2 Rf8 Rh4+ Kd3 Rh3+ Kc4 Kc2 Nf4 Rf3 Kd4 Kd2 Ke5 Ra3 Ke4 Re3+ Kd4 Rf3 Rf5 Rf1 Rf8 Rf2 Ke4 Rh2 Rf7 Rh8 Kd4 Kc2 Ke3 Ra8 Nd5 Rd8 Nc7 Rh8 Ke4 Kc3 Nd5+ Kc4 Rc7+ Kb3 Kd3 Ka2 Nf4 Kb3 Rb7+ Ka4 Ne6 Rc8 Nf4 Ka3 Re7 Kb4 Kd4 Rh8 Rb7+ Ka4 Ng6 Rh3 Nf4 Rh4 Rf7 Kb3 Kc5 Kc2 Ng2 Rh2 Ne3+ Kd3 Rb7 Rh5+ Nd5 Rh1 Nf4+ Kc2 Rb2+ Kxb2 Kd6 Kb3 Nd5 Kc4 Nf4 Rd1+ Ke5 Re1+ Kf6 Re4 Kf5 Re8 Nh5 Kd4 Ng7 Re5+ Kg6 Re1 Kf5 Kd5 Kf6 Re4 Nf5 Re6+ Kg5 Rb6 Ne3+ Ke4 Ng4 Rb3 Nh6 Ke5 Ng4+ Kd4 Kf6 Kd5 Nh6 Ke4 Ke7 Ke5 Ng4+ Kf5 Nf6 Ke5 Nd7+ Kd5 Nf6+ Kc5 Ke6 Rb6+ Ke5 Rb1 Nd7+ Kc4 Kd6 Kd4 Kc6 Ra1 Nb6 Rh1 Na4 Ke5 Nb6 Rc1+ Kd7 Ra1 Nc4+ Kd4 Nd6 Ra7+ Ke6 Ra8 Nf5+ Kc5 Kf6 Kd5 Nh6 Ra4 Nf7 Ra6+ Ke7 Ra7+ Kf6 Ra6+ Kg5 Ke4 Nh8 Ra5+ Kg6 Ra6+ Kg5 Ra5+ Kg6 Ra6+ Kg7 Ra7+ Nf7 Kd4 Kf6 Ra6+ Kg5 Ra1 Nh6 Rg1+ Kh4 Rh1+ Kg4 Rxh6 Kf4 Ra6 Kf5 Kd5 Kf4 Ra5 Kf5 Kd6+ Ke4 Rd5 Kf4 Re5 Kg4 Ke7 Kf4 Kf6 Kg4 Re4+ Kf3 Kf5 Kg3 Re8 Kf3 Kg5 Kg3 Rf8 Kh3 Kf4 Kg2 Kg4 Kh1 Kh3 Kg1 Rf4 Kh1 Rf1#
53,Draw,e4 e5 Nf3 Nf6 Nxe5 d6 Nf3 Nxe4 d4 d5 Bd3 Bb4+ c3 Bd6 O-O O-O c4 c6 Re1 Bf5 Qb3 Na6 Nc3 dxc4 Qxc4 Bxh2+ Kxh2 Nd6 Qb3 Bxd3 Bg5 Qc7 Bf4 Qd8 Rad1 Bc4 Qa4 Bd5 Nxd5 cxd5 Kg1 Nc7 Qb4 Nce8 Qb3 Nf6 Be5 Nde4 Nh2 b6 Nf1 Re8 Ne3 h5 f3 Nd6 Qb4 Nc4 Bxf6 gxf6 Nxc4 Rxe1+ Qxe1 dxc4 Qg3+ Kf8 d5 Qe7 Qf4 Qe2 Rd4 Qe1+ Kh2 Qe5 Qxe5 fxe5 Rxc4 Rd8 Rc7 a5 Rc6 Rxd5 Rxb6 a4 Rb4 Rd2 Rxa4 Rxb2 a3 Kg7 Re4 f6 f4 exf4 Rxf4 Ra2 a4 Kg6 Rb4 Ra3 g3 Ra2+ Kh3 Kg5 Rb5+ Kg6 Ra5 Ra3 Ra7 Kg5 a5 h4 Rg7+ Kh6 Rg4 hxg3 Rxg3 Rxa5 Rg8 Rh5+ Kg4 Rg5+ Rxg5 fxg5 Kg3 Kg6 Kg2 Kf5 Kf3 g4+ Kg2 Kf4 Kf2 Ke5 Kg1 Kf6 Kf2 Ke5 Kg3 Kf5 Kg2 Kf4 Kf2 Kg5 Kg2 Kf4 Kf2 Ke4 Kg2 Kf4 Kf2 Ke4 Kg3 Kf5 Kg2 Kf4
56,Draw,d4 d5 c4 e6 Nc3 Bb4 Nf3 dxc4 e4 b5 a4 c6 Be2 Ne7 O-O a6 Qc2 Bb7 b3 cxb3 Qxb3 Ba5 e5 O-O Ba3 Bxc3 Qxc3 a5 axb5 cxb5 Bxb5 Nd5 Qc5 Nb4 Bxb4 axb4 Qxb4 Nc6 Rxa8 Bxa8 Bxc6 Bxc6 Ne1 Qg5 Qc3 Rc8 Nf3 Qd8 Rc1 Bb7 Qe3 Rxc1+ Qxc1 h6 Qf4 Bxf3 gxf3 Qc7 Qh4 Qc1+ Kg2 Qc7 Kg3 Qb6 Qe4 Qa5 f4 Qd2 h3 g6 Qe3 Qd1 f5 gxf5 Qxh6 Qg1+ Kf3 Qd1+ Kg3 Qxd4 Qf4 Qd8 Qh6 Qd3+ Qe3 Qxe3+ fxe3 Kg7 Kf4 Kh6 Kg3 Kg5 Kf3 Kh5 Kg2 Kh4 Kh2 Kg5 Kg3 Kh5 h4 Kg6 Kg2 f6 exf6 Kxf6 Kg3 Kg7 Kf4 Kf6 Kf3 e5 Kf2 Kg6 Kg2 Kh6 Kf3 Kh7 Kf2 Kg7 Kg2 Kh7 Kh2 Kg7 Kg3 Kf6 Kg2 Kg6 Kf2 Kh5 Kg3 Kh6 Kh3 Kg6 Kg2 Kh5 Kg3 Kh6 Kf3 Kg6 Kg2 Kf7 Kg3 Kg7 Kf2 Kg6 Kf3 Kh5 Kg3 Kh6 Kg2 Kh7 Kg1 Kg6 Kg2 Kh5 Kg3 Kg6 Kf3 Kg7 Kg2 Kf7 Kf1 Kg6 Kg2
55,Draw,d4 Nf6 c4 e6 Nf3 d5 Nc3 c5 cxd5 cxd4 Qxd4 exd5 e4 Nc6 Bb5 dxe4 Qxd8+ Kxd8 Ng5 Ke8 O-O Bf5 Re1 Bb4 Bd2 Kf8 a3 Be7 Ncxe4 Rd8 Rad1 Nxe4 Nxe4 f6 f3 Bxe4 Rxe4 f5 Ree1 Kf7 Bc3 Rhe8 Bc4+ Kg6 Bd3 Bc5+ Kf1 Rxe1+ Bxe1 Kf6 b4 Bb6 f4 h6 b5 Ne7 Bc3+ Kg6 g4 Kf7 gxf5 Nxf5 Bc4+ Ke8 Rxd8+ Bxd8 Bd3 Ne3+ Ke2 Nd5 Be5 Bf6 Kf3 Bxe5 fxe5 Ke7 Ke4 Nc7 a4 Ne6 Bc2 Nc7 Bb3 Ne6 Bc2 Kd7 Bd1 Ke7 Kd5 g6 Bc2 h5 Bd1 g5 Ke4 Ng7 Kd4 g4 Ke4 Ne6 Kf5 a6 bxa6 bxa6 Kg6 Nf4+ Kf5 Ne6 Kg6 Nf4+ Kf5 Ne6 Kg6 h4 Bxg4 Nc5 a5 Nb3 Bc8 Nxa5 Kf5 Nc6 Bxa6 Nd4+ Ke4 Ne6 Bc4 Nf8 Kf3 Ng6 Ke4 Nf8 Bd3 Ne6 Ke3 Nc5 Bc4 Nd7 Ke4 Nf8 Kf5 Nd7 Bb5 Nc5 Bc4 Nd7 Ke4 Nf8 Be2 Ne6 Bc4 Nf8
54,Draw,d4 Nf6 c4 e6 Nf3 d5 Nc3 c5 cxd5 Nxd5 e4 Nxc3 bxc3 cxd4 cxd4 Bb4+ Bd2 Bxd2+ Qxd2 O-O Bc4 Nd7 O-O b6 d5 Nf6 Qf4 exd5 Rad1 Re8 e5 Qc7 Bb5 Bd7 Rc1 Qb8 Bd3 Ne4 Rfd1 Qb7 Bxe4 dxe4 Ng5 Be6 Nxe4 Qe7 Nd6 Rf8 Rc6 f6 Re1 Rad8 h4 Qd7 Rec1 Qe7 h5 fxe5 Qxe5 Qf6 Qxf6 Rxf6 Ne4 Rh6 f3 Bxa2 Rxh6 gxh6 Ra1 Bb3 Rxa7 Rf8 Kf2 b5 Ra6 Bc2 Nf6+ Kg7 Nd7 Rf5 g4 Rf7 Ne5 Rb7 Rc6 Bb3 Nd3 Bc4 Nb4 Rf7 Rd6 Rf6 Rd7+ Rf7 Rd6 Rf6 Rd7+ Rf7 Rd6 Rf6 Rd2 Kf7 Rd7+ Ke6 Rxh7 Kd6 Kg3 Kc5 Nc2 Rc6 Rb7 Bd3 Ne1 Bc4 Rb8 b4 Nc2 b3 Na1 Rb6 Rxb6 Kxb6 Nxb3 Bxb3 Kf4 Kc6 Kf5 Bd1 g5 Kd7 gxh6 Ke7 h7 Bc2+ Ke5 Bxh7 h6 Kf7 Kd4 Kg6 Ke5 Kxh6 Kf6 Bc2 f4 Bb3 f5 Bg8 Ke7 Kg5 f6 Kg6 Kf8 Bd5 Ke7 Bb3 f7 Bxf7
57,Draw,d4 Nf6 c4 e6 Nc3 Bb4 e3 O-O Bd2 b6 Bd3 d5 cxd5 exd5 Nf3 c5 O-O c4 Bc2 Bg4 Qb1 Bxf3 gxf3 Nc6 Kh1 b5 Rg1 Rb8 a3 Ba5 Rg2 g6 f4 b4 axb4 Nxb4 Ne2 Qb6 Bxb4 Qxb4 Qd1 Qd2 Qxd2 Bxd2 Ra2 Rb5 Rg1 Rfb8 Rb1 Ne4 Bxe4 dxe4 Rd1 Ra5 Rxa5 Bxa5 Ra1 Bd2 Ra2 Kf8 Nc3 Bxc3 bxc3 Rb3 Rxa7 Rxc3 Kg2 Ke8 f5 Rc1 fxg6 hxg6 Kg3 Rc2 Rc7 c3 Kf4 Kd8 Rc5 Rxf2+ Kxe4 c2 h4 Rd2 Rc4 Kd7 Kf3 Rh2 Kg3 Re2 Kf3 Rd2 Kg3 Re2 Kf3 Rd2 Kf4 f6 Rc5 Kd6 Rc4 g5+ hxg5 fxg5+ Kxg5 Kd5 Rc3 Rf2 Rc5+ Ke4 Rc3 Kd5 Kg6 Ke4 Kg7 Kd5 Kg6 Ke4 Kg7 Kd5 Kg6 Ke4 Kg5 Rg2+ Kf6 Re2 Kg6 Rf2 Kg5 Kd5 Kg6 Re2 Rc5+ Ke4 Rc3 Rf2
58,Draw,d4 d5 c4 e6 Nc3 Nf6 Bg5 dxc4 e3 c5 Bxf6 Qxf6 d5 g6 Qa4+ Bd7 Qxc4 Na6 dxe6 Qxe6 O-O-O Bg7 Nf3 O-O Qh4 Qg4 Qxg4 Bxg4 Bxa6 bxa6 Rd5 Rac8 Rhd1 Bf5 Nd2 a5 Nde4 Rb8 Nxc5 Bxc3 bxc3 Rb1+ Kd2 Rb2+ Ke1 Rxa2 e4 Be6 Nxe6 fxe6 R5d2 Ra3 Rc1 Rc8 Rd6 Kf7 Rd7+ Kf6 Kd2 h6 Rc2 a6 Rd6 g5 Rxa6 Ke5 Rb6 a4 Ra6 Rc5 f3 h5 g3 h4 Kd3 Rc8 Ra5+ Kf6 gxh4 gxh4 Rh5 Rd8+ Ke3 Rc8 Kd3 Rd8+ Ke3 Rc8 Kd3 Rd8+ Ke3 Rc8 Kd3 Rd8+ Ke3 Rc8 Kd4 Rd8+ Ke3
59,Draw,d4 Nf6 c4 e6 Nf3 d5 Nc3 Bb4 Bg5 O-O e3 h6 Bh4 c5 cxd5 exd5 dxc5 Nbd7 Rc1 Nxc5 Qd4 Bxc3+ Qxc3 Nce4 Bxf6 Nxf6 Be2 Bg4 Qb4 a5 Qd4 Qd6 O-O Rfc8 h3 Bf5 Qa4 b6 Nd4 Bd7 Bb5 Rc5 Bxd7 Qxd7 Qxd7 Nxd7 Rfd1 Rac8 Rxc5 Rxc5 g4 g6 Kg2 Ne5 b3 Nd7 Rd2 Nf8 Ne2 Ne6 f4 Kf8 Kf3 Ke7 a3 Kd6 h4 Rb5 Nc3 Rxb3 Nxd5 Rxa3 Nxb6+ Kc5 Nd7+ Kb4 Ne5 Ra1 Rb2+ Kc3 Rb8 a4 Rc8+ Kb4 Nd3+ Kb5 f5 gxf5 gxf5 Ng7 Rb8+ Kc4 Ke4 Nh5 Rc8+ Kb5 Ke5 Rd1 Nb2 Rd2 Rb8+ Kc6 Nxa4 Rd5+ Ke4 Ra5 Rc8+ Kd6 Nb6 Nf6+ Kf4 Nh5+ Ke4 Nf6+ Kf4 Nh5+ Kg4 Nf6+ Kf4 Nh5+ Ke4 Nf6+ Kf4 Nh5+ Kg4 Nf6+ Kf4
61,Draw,d4 Nf6 c4 e6 Nf3 d5 cxd5 exd5 Nc3 Bb4 Bg5 h6 Bxf6 Qxf6 Qb3 Qb6 a3 Ba5 Qa4+ Bd7 Qc2 Bf5 Qa4+ Bd7 Qc2 Bf5 Qa4+ Bd7 Qc2 Bf5 Qa4+ Bd7 Qc2 Bf5 Qa4+ Bd7
62,Draw,d4 Nf6 c4 e6 Nc3 d5 Bg5 Be7 e3 h6 Bh4 O-O Nf3 Nbd7 Qc2 c5 Rd1 Qa5 cxd5 Nxd5 Bxe7 Nxe7 Be2 cxd4 Rxd4 e5 Rd2 Nf6 O-O Be6 Rfd1 Rac8 Qb1 a6 h3 Qc7 g4 Kh8 Bd3 Rfd8 Ne4 b5 Ng3 Bd5 Be2 Ng6 g5 Bxf3 Rxd8+ Rxd8 gxf6 Bxe2 fxg7+ Kxg7 Nxe2 Rxd1+ Qxd1 Qc8 Ng3 Qxh3 Nh5+ Kh7 Nf6+ Kh8 Qd8+ Kg7 Ne8+ Kg8 Nf6+ Kg7 Ne8+ Kf8 Nd6+ Kg7 Ne8+ Kg8 Nf6+ Kg7 Ne8+ Kg8 Nf6+ Kg7 Ne8+
63,Draw,d4 Nf6 c4 e6 Nc3 Bb4 g3 d5 Bg2 O-O Nf3 dxc4 a3 Bxc3+ bxc3 c5 O-O cxd4 Qxd4 Qxd4 Nxd4 a6 a4 Nd5 Bxd5 exd5 f3 Nc6 Be3 Bd7 Kf2 Nxd4 Bxd4 b5 axb5 axb5 Rfd1 h5 Bc5 Rxa1 Rxa1 Rc8 Bb4 f6 h4 Bh3 Ra5 d4 Rxb5 d3 exd3 cxd3 Rd5 Be6 Rxd3 Kf7 Rd6 Bc4 Ke3 g5 hxg5 fxg5 Rh6 Re8+ Kd4 Be2 Rxh5 Kg6 Rh2 Bxf3 c4 Re4+ Kd3 Re6 Rf2 Bc6 Kd4 Re4+ Kc5 Bb7 Kb5 Re6 Rd2 Ba6+ Kc5 Kf5 Rd4 Re4 Bd2 Rxd4 Kxd4 Bc8 Bxg5 Kxg5 g4 Bb7 Ke5 Bf3 Kd4 Bg2 Ke5 Bf1 c5 Bb5 Kd4 Bc6 Ke5 Bb5 Kd6 Kf6 g5+ Kg6 Ke7 Kxg5 Kd6 Kf4 Kd5 Ke3 Kd6 Kd4 c6 Bxc6
64,Draw,d4 Nf6 c4 e6 Nf3 d5 g3 Bb4+ Bd2 Be7 Bg2 O-O O-O c6 Bc3 dxc4 a4 b5 axb5 cxb5 Ba5 Qe8 Ne5 Nd5 b3 Nc6 bxc4 bxc4 Nxc6 Qxc6 e4 Nb6 Nc3 Rb8 Qh5 Rd8 Rfb1 Rxd4 Nd5 Rb7 Bc3 Rxd5 exd5 exd5 Bd4 Be6 Rxa7 Rxa7 Rxb6 Ra1+ Bf1 Qc7 Rxe6 Rxf1+ Kxf1 fxe6 Qe8+ Bf8 Qxe6+ Qf7 Qc8 Qe7 h4 Qd6 h5 Kf7 Qf5+ Kg8 Qc8 Qe7 h6 gxh6 Qg4+ Bg7 Qc8+ Qf8 Qb7 Qf7 Qb8+ Bf8 Qe5 Qf3 Qe6+ Qf7 Qe5 Qf3 Qe6+ Qf7 Qe5 Qf3 Qe6+ Qf7 Qe5 Qf3 Qe6+ Qf7 Qe5
65,Draw,d4 d5 c4 e6 Nc3 Nf6 Bg5 Be7 e3 h6 Bxf6 Bxf6 Nf3 O-O Rc1 c6 h4 g6 Bd3 Bg7 cxd5 exd5 h5 g5 Ne2 Nd7 Ng3 Re8 O-O g4 Nh2 Nf6 Rc3 Be6 Bf5 Bxf5 Nxf5 Qd7 Ng3 Kh8 f3 gxf3 Qxf3 Re6 Qf4 Rg8 Nf3 Nh7 Rb3 b6 Rd3 Rf6 Ne5 Qe6 Nf5 Bf8 e4 dxe4 Qxe4 Ng5 Qf4 Bd6 Re3 c5 Qg4 Qd5 Nxd6 Rxd6 dxc5 Qxc5 Qg3 Rg7 b4 Qxb4 Rxf7 Rd1+ Rf1 Rxf1+ Kxf1 Ne4 Ng6+ Rxg6 Qxg6 Qc4+ Ke1 Qc1+ Ke2 Qd2+ Kf3 Ng5+ Kf4 Qd4+ Kf5 Qc5+ Kf4 Qd4+ Kf5 Qc5+ Kg4 Qd4+ Kf5 Qd5+ Kf6 Nh7+ Qxh7+ Kxh7 Re7+ Kg8 Re8+ Kh7 Re7+ Kh8 Re8+ Kh7 Re7+ Kh8 Re8+ Kh7 Re7+ Kg8 Re8+ Kh7 Re7+
66,White,d4 d5 c4 e6 Nc3 Bb4 Nf3 dxc4 Qa4+ Nc6 a3 Bxc3+ bxc3 Qd5 Qc2 Nf6 Nd2 Na5 e4 Qc6 f3 b6 a4 Ba6 Ba3 Nh5 g3 e5 Bb4 Rd8 Kf2 exd4 cxd4 Rxd4 Qb2 Qd7 Rc1 Nf6 Bc3 Rxd2+ Qxd2 Qxd2+ Bxd2 Nb3 Rc2 c5 Be3 Na5 Bd2 Nb3 Bf4 Nd4 Rc1 Nd7 Bxc4 Bxc4 Rxc4 f6 a5 b5 Rc3 b4 Rc4 Ke7 Be3 Ne5 Bxd4 Nxc4 Bxc5+ Kf7 Bxb4 Rb8 Bc3 Rb3 Rc1 Ra3 Bd4 Ra4 Ke2 Kg6 Kd3 Nd2 Kxd2 Rxd4+ Ke3 Ra4 Rc5 h5 Kf4 a6 h3 Ra3 g4 hxg4 hxg4 Kh6 g5+ Kg6 Kg4 Ra1 gxf6 gxf6 f4 Ra4 f5+ Kh6 Kf4 Ra1 Rc6 Rf1+ Ke3 Kg5 Rxa6 Ra1 Kd4 Rd1+ Kc5 Rc1+ Kd6 Kf4 Rc6 Ra1 Ke7 Kxe4 Kxf6 Rxa5 Rc4+ Kd5 Rb4 Ra3 Kg6 Rg3+ Kf7 Kc5 Re4 Kd6 Re6+ Kd7 Re7+ Kc6 Re1 Kd6 f6 Rf3 Kg7 Kc6 f7 Kd5 f8=Q Rxf8 Kxf8 Kd4 Kf7 Kd3 Kg6 Kd2 Re8 Kc2 Kg5 Kc1 Kf4 Kd2 Kf3 Kd3 Re2 Kc3 Ke3 Kc4 Rd2 Kc5 Rd4 Kb6 Rc4 Ka5 Kd2 Ka6 Rb4 Ka5 Kc3 Ka6 Rb1 Ka5 Kc4 Ka6 Kc5 Ka7 Kc6 Ka8 Kc7 Ka7 Ra1#
68,Draw,d4 Nf6 c4 e6 Nf3 d5 cxd5 exd5 Nc3 c6 Qc2 g6 h3 Bf5 Qb3 Qb6 g4 Be4 Bg2 h6 Bf4 Nbd7 O-O Qxb3 axb3 Be7 Nd2 Bxg2 Kxg2 Nf8 Be5 N8d7 Bf4 a6 Rae1 O-O-O Bh2 Bb4 e3 Rde8 Rh1 g5 Nf3 Rh7 Rc1 Reh8 Bg3 Rg8 Ne5 h5 Nd3 Bxc3 bxc3 hxg4 hxg4 Rxh1 Rxh1 Nxg4 Rh7 f5 Rf7 Ngf6 Ne5 f4 exf4 gxf4 Nxd7 Nxd7 Rxf4 a5 Rh4 b5 Rh6 Nb6 Rh7 Nd7 Rh6 Kb7 Rh7 Kc8 Rh6 Kb7 Rh7 Kc8 Rh6 Kb7 Rh7 Kc8 Rh6
67,Draw,d4 Nf6 c4 e6 Nf3 d5 g3 Bb4+ Bd2 Be7 Bg2 Nbd7 O-O c6 Qc2 O-O Bf4 b6 Nbd2 Bb7 e4 dxe4 Nxe4 c5 Nxf6+ Nxf6 Rad1 Qc8 Qe2 cxd4 Rxd4 Qc6 Rfd1 Rad8 Rxd8 Rxd8 Rxd8+ Bxd8 Ne1 Ne4 b4 f5 b5 Qe8 Nf3 Bf6 Nd2 Nc3 Qd3 Bxg2 Kxg2 Qe7 Qd6 Kf7 Qc6 e5 Be3 Nxa2 Qd5+ Qe6 Qb7+ Qe7 Qc8 f4 gxf4 exf4 Bxf4 Nc3 h3 h6 Bb8 Be5 Qf5+ Bf6 Nf3 Qb7 Be5 Ne4 Kf1 g6 Qf4 Kg7 Nd4 Bxe5 Qxe5+ Kh7 Nc6 Nd2+ Ke2 Qd7 Qf4 Nb3 Qe3 Nc5 Qe7+ Qxe7+ Nxe7 a5 bxa6 Nxa6 Nc8 g5 Nxb6 Kg6 Nd5 Kh5 Ne3 Kh4 Nf5+ Kxh3 Nxh6 g4 Ke3 Nc5 Nf5 Kg2 Ng3 Nd7 Ke2 Nb6 c5 Na4 c6 Nc3+ Kd3 Nd5 Ke4 Nc7 Nh5 Kxf2 Nf6 g3 Nh5 g2 Nf4 g1=N Nd5 Na6 Nb4 Nc7 Nd3+ Kg3 Nf2 Kxf2 Ke5 Nf3+ Kd6 Nd4 Kxc7 Nxc6
60,White,d4 Nf6 c4 e6 Nf3 d5 Nc3 c5 cxd5 Nxd5 e4 Nxc3 bxc3 cxd4 cxd4 Bb4+ Bd2 Bxd2+ Qxd2 O-O Bc4 Nd7 O-O b6 d5 Nc5 Rfe1 exd5 exd5 Qd6 Qd4 Bd7 Ne5 Ba4 h4 Nd7 h5 Rad8 Ng4 h6 Bf1 Nc5 Ne3 f5 Nc4 Qf6 Qxf6 Rxf6 Re5 Be8 Be2 Nd7 Re3 f4 Ra3 b5 Nd2 Rd6 Bxb5 Ne5 Bxe8 Rxe8 Ra5 Red8 Re1 Ng4 Rxa7 Rxd5 Ree7 Rg5 Nf3 Rd1+ Re1 Rxe1+ Nxe1 Rxh5 f3 Ne3 Nd3 Rf5 Ra8+ Kf7 Ra7+ Kg8 Kf2 g5 Ra8+ Kf7 Ra7+ Kg6 Ra6+ Kh5 g4+ Nxg4+ fxg4+ Kxg4 Kg2 h5 Ra4 Rd5 Nf2+ Kf5 Ra8 Kg6 Nh3 Kf5 Rg8 Rd2+ Kf1 Kg4 Nxg5 Rxa2 Ne6+ Kf3 Nd4+ Ke4 Ne2 Rb2 Re8+ Kf3 Nd4+ Kg3 Rg8+ Kh3 Ne2 Rb1+ Kf2 Rb2 Kf3 Rb3+ Kxf4 Kh4 Ra8 Rb4+ Ke5 Kg4 Rg8+ Kf3 Nd4+ Kf2 Rh8 Ra4 Nf5 Kf3 Rxh5 Ra6 Nd4+ Ke3 Rh3+ Kd2 Ke4 Ke1 Rb3 Kf2 Rb2+ Kf1 Nf5 Ke1 Rb5 Kd2 Rd5+ Ke1 Kf3 Rb6 Rd8 Rf6 Ke4 Re6+ Kd3 Rf6 Ke4 Rf7 Nd6 Rh7 Ra8 Kd2 Kd5 Rh1 Ra7 Ke2 Ke4 Kd2 Ra8 Kc3 Nf5 Kb4 Ra2 Kb5 Ng3 Rh3 Nf5 Rh8 Kd3 Kb4 Ra1 Rd8+ Ke4 Kc3 Rh1 Ra8 Nd6 Kc2 Kd5 Rg8 Rh6 Kb3 Nf5 Rf8 Ne7 Kb2 Nc6 Kb3 Rg6 Rf7 Rh6 Rf8 Kd6 Kc2 Rg6 Rh8 Nb4+ Kd2 Ke5 Ke3 Na6 Re8+ Kd5 Rd8+ Kc6 Rd4 Rh6 Rd1 Rh8 Rc1+ Nc5 Ke2 Kd5 Rg1 Rh2+ Kf1 Ne6 Rg8 Ra2 Rg1 Nd4 Rh1 Nc2 Rg1 Ne3+ Ke1 Ng2+ Kd1 Ne1 Rg7 Ra1+ Kd2 Nf3+ Kc3 Ne1 Rg5+ Ke6 Rg1 Rc1+ Kb4 Nd3+ Ka5 Rxg1 Kb5 Rg4 Kc6 Rg5 Kc7 Nf4 Kc6 Ke7 Kc7 Rg6 Kc8 Re6 Kc7 Rg6 Kc8 Nd5 Kb7 Kd8 Kb8 Rg7 Ka8 Kc7 Ka7 Rg6 Ka8 Ra6#
69,Draw,d4 Nf6 c4 e6 Nc3 Bb4 Nf3 O-O Qc2 c5 dxc5 Na6 g3 Nxc5 Bg2 Nce4 O-O Bxc3 bxc3 d5 Nd2 Nxd2 Qxd2 Re8 Rd1 Bd7 cxd5 Ba4 Re1 exd5 Qd4 Qd7 Be3 Rec8 Rab1 Rc4 Qd3 Rac8 Bd4 Ne4 Bxe4 dxe4 Qxe4 Bc6 Qf4 h6 f3 Re8 Kf2 a5 g4 b5 g5 h5 a3 Qe7 Ra1 Ra4 e3 Rxa3 Rxa3 Qxa3 Bxg7 Kxg7 Qf6+ Kg8 Qxc6 Rd8 g6 Rd2+ Kg3 Qd6+ Qxd6 Rxd6 gxf7+ Kxf7 Rb1 Rb6 Kf4 a4 Kg5 a3 Ra1 Ra6 Kxh5 Ke6 e4 Ke5 Kg4 a2 Kg3 Kd6 f4 Ra8 h4 Kc5 e5 Kc4 e6 Kxc3 f5 b4 Rxa2 Rxa2 e7 Ra8 f6 b3 f7 b2 f8=Q b1=Q Qxa8 Qe1+ Kf4 Qxh4+ Ke3 Qh6+ Ke2 Qh2+ Ke3 Qh6+ Ke2 Qe6+ Kf3 Qf7+ Kg3 Qxe7 Kg4 Qg7+ Kf3 Qf6+ Ke4 Qe6+ Kf4 Qf6+ Kg4 Qg6+ Kh4 Kb3 Qd5+ Kc2 Qc5+ Kd3 Qe5 Kd2 Qg5+ Qxg5+ Kxg5
71,White,d4 d5 c4 e6 Nc3 Bb4 Nf3 dxc4 e3 b5 a4 c6 Bd2 a5 axb5 Bxc3 Bxc3 cxb5 b3 Bb7 Bb2 Nf6 bxc4 b4 Bd3 O-O O-O Be4 Bxe4 Nxe4 Qc2 f5 d5 exd5 Rfd1 Nd7 Rxd5 Qc7 Nd4 Ndc5 Nxf5 Nf6 Be5 Qa7 Bxf6 Rxf6 Qd1 Raf8 Nxg7 Qxg7 Rxc5 Rxf2 Qd5+ Kh8 Rcxa5 Qc3 Qe5+ Qxe5 Rxe5 b3 Rb5 Rb2 Rd1 Rg8 g3 Ra8 Rb7 Re2 c5 Rc2 Rxb3 h5 Rb6 Rxc5 Kg2 Ra7 Rbd6 Rc2+ R6d2 Raa2 Rxc2 Rxc2+ Kg1 h4 Rd4 hxg3 hxg3 Kh7 Rh4+ Kg6 Rh2 Rc3 Re2 Rc5 Kf2 Kf6 Kf3 Rf5+ Kg4 Rg5+ Kh4 Rg8 Rf2+ Kg6 e4 Re8 Re2 Rh8+ Kg4 Rg8 e5 Kf7+ Kf4 Rf8 Ra2 Kg6+ Kg4 Rg8 Ra6+ Kh7+ Kf4 Rf8+ Kg5 Rg8+ Kf4 Rf8+ Rf6 Rc8 g4 Kg7 Rd6 Rc7 Kf5 Rf7+ Kg5 Rc7 Rg6+ Kh7 Rf6 Rc2 Rf7+ Kg8 Ra7 Kf8 Kg6 Re2 g5 Rg2 Rf7+ Kg8 Rc7 Kf8 Rf7+ Kg8 Rb7 Kf8 e6 Re2 e7+ Ke8 Rb8+ Kxe7 Kg7 Ra2 g6 Rg2 Rb7+ Ke8 Rb6 Ke7 Kg8 Rh2 Rb7+ Kf6 g7 Rd2 Rb6+ Kg5 Re6 Rf2 Re1 Kg6 Rh1 Kf5 Kh8 Rg2 g8=Q Rxg8+ Kxg8 Ke4 Rh3 Kf4 Kf7 Kg4 Rc3 Kf4 Rc4+ Ke3 Ke6 Kd3 Kd5 Ke3 Re4+ Kd3 Re6 Kc3 Re3+ Kd2 Kd4 Kc2 Rg3 Kd2 Rg2+ Ke1 Ke3 Kd1 Rh2 Kc1 Kd3 Kb1 Kc3 Ka1 Kb3 Kb1 Rh1#
70,Draw,d4 Nf6 c4 e6 Nc3 Bb4 Nf3 O-O Qc2 c5 dxc5 Na6 g3 Nxc5 Bg2 Nce4 O-O Bxc3 bxc3 d5 Nd2 Nxd2 Qxd2 Re8 a4 Bd7 Rd1 Rc8 cxd5 exd5 Qd4 Qa5 Be3 a6 Bxd5 Qxd5 Qxd5 Nxd5 Rxd5 Bg4 Rd2 Rxc3 Kg2 h5 a5 Rec8 Bb6 Be6 Rb1 Rc2 Rb2 Rxb2 Rxb2 Bd5+ f3 Rc4 Rd2 Bc6 Kf2 Bb5 Ra2 f6 h3 Kf7 Rd2 Ke6 Rb2 Kf7 Kg1 g5 Rd2 Rc1+ Kf2 Rc4 Bd8 Ke6 Bb6 Bc6 Bd8 Bb5 Kg2 h4 gxh4 Rxh4 e4 Rh8 Kg3 Bf1 Kf2 Bxh3 Rd1 Kf7 Rd6 Be6 Kg2 Rg8 Kg3 Rh8 Kg2 Bh3+ Kg1 Be6 Kf2 Rh2+ Ke3 Rb2 Rb6 Rb5 f4 gxf4+ Kxf4 Rxb6 Bxb6 Kf8 Ke3 Bh3 Bc5+ Kf7 Bd4 Bd7 Kf3 Bc8 Kf4 b5 axb6 a5 Bc3 a4 Bb4 Ke6 Ba3 Ba6 Bb2 Bb7 Ba3 Ba8 Ke3 Kd7 Kd4 Kc6 Kc4 Kxb6 Bb2 Bxe4 Bxf6 Kc6 Kb4 Bc2 Ka3 Kd5 Bg5 Kc4 Bf4 Kb5 Bc7 Kc5 Bd8 Kd4 Kb4 Bd1 Bb6+ Ke4 Bf2 Kd3 Ka3 Kc4 Be3 Kb5 Bg5 Kc4 Bc1 Bb3 Be3 Kd5 Bf4 Bc2 Bd2 Bb3 Bc3 Bc2 Bb4 Bb3 Bc3 Kc6 Bb4 Kd5 Be1 Ke4 Bh4 Bd1 Bg3 Kd5 Kb4 Bb3 Ka3 Bd1 Bf2 Kc4 Bb6 Bb3 Be3 Bd1 Bd2 Kb5 Be1 Kc5 Kb2 a3+ Kxa3 Bb3 Bg3 Kc4 Bf2 Ba4 Kxa4
72,Draw,d4 Nf6 c4 e6 Nf3 d5 g3 Be7 Bg2 dxc4 Qa4+ c6 Qxc4 b5 Qc2 Bb7 Nc3 c5 dxc5 Bxc5 O-O a6 e4 Nbd7 e5 Nd5 Ng5 Nb4 Qe2 Bxg2 Kxg2 Qc7 Bf4 Be7 Rfd1 O-O Rac1 Qb7+ Kg1 h6 Nge4 Nc6 Nd6 Bxd6 exd6 Rac8 Qf3 Qb6 Qh5 Qb7 Qf3 b4 Ne4 Qb5 Qe3 Qf5 Nc5 e5 Qd3 Qxd3 Rxd3 Nd4 Rxd4 exf4 Nd3 Rxc1+ Nxc1 fxg3 hxg3 Rb8 Nd3 b3 a4 Rc8 f4 f5 Rd5 Kf7 Rxf5+ Ke6 Ra5 Rc2 Rxa6 Rd2 Ne5 Rxb2 Nxd7 Kxd7 Rb6 Ra2 Rxb3 Kxd6 Rb6+ Kd5 Rg6 Ke4 Rxg7 Kf3 Rg6 Ra1+ Kh2 Ra2+ Kh1 Rxa4 f5 Ra1+ Kh2 Ra2+ Kh3 Ra1 Kh2 Ra2+ Kh3 Ra1 Kh2 Ra2+ Kh3 Ra1 Kh2 Ra2+ Kh3 Ra1 Kh2
73,Draw,d4 Nf6 c4 e6 Nc3 d5 Bg5 dxc4 e3 c5 Bxf6 Qxf6 d5 a6 Nf3 Nd7 dxe6 Qxe6 Qa4 Rb8 Bxc4 Qf5 e4 Qh5 O-O Be7 Rfd1 b5 Nxb5 O-O Na7 Nb6 Qb3 Bb7 Qxb6 Bxe4 Qc7 Rb7 Qg3 Bxf3 gxf3 Rxa7 Rd5 Qh6 b3 Qf6 Rad1 g6 f4 a5 Qg5 Qc6 Qh6 Qf6 Qg5 Qe6 Qg3 a4 h4 axb3 axb3 Qf6 h5 Ra1 Rxa1 Qxa1+ Kg2 Qf6 f5 Kg7 fxg6 hxg6 Qe5 Qxe5 Rxe5 Kf6 f4 Bd6 Rd5 Bxf4 Kf3 Bb8 Rxc5 Kg7 hxg6 Kxg6 b4 Rd8 b5 Rd6 Ke4 f6 Rd5 Rxd5 Kxd5 Ba7 Ke4 f5+ Kd5 Kg5 Ke5 f4 Be2 Bb6 Ke4 Bc7 Bd1 Kh4 Kf3 Kg5 Ke4 Bd8 Kf3 Kf5 Bc2+ Ke5 Be4 Bc7 Bc6 Kd4 Bd7 Bb8 Kg4 Ke3 Bc6 Kd4 Be8 Ke3 b6 f3 Kh3 Kd4 Bh5 f2 Kg2 Ke3 Kf1 Bg3 b7 Bb8 Bf7 Ba7 Be6 Bb8 Bb3 Ba7 Kg2 Ke2 Bc4+ Ke1 Kf3 Bb8 Ba6 Ba7 Bb5 Kd2 Kg2 Ke3 Kf1 Bb8 Bc6 Bd6 Bb5 Bh2 Bc6 Bd6 Be8 Bc7 Bd7 Bd6 Bg4 Bb8 Bh5 Bf4 Bf7 Bb8 Bb3 Bg3 Ba4 Bd6 Bb5 Be5 Bc4 Bf4 Be6 Bb8 Bg4 Bd6 Kg2 Bb8 Bh5 Bf4 Kf1 Bb8 Bf7 Be5 Bh5 Bd6 Bf7 Bb8 Bb3 Bd6 Kg2 Bb8 Bc4 Bd6 Kf1 Kf3 Be2+ Kg3 Bd3 Bc7 Bc4 Kf3 Ba6 Ke3 Be2 Bf4 Bc4 Bg3 Be2 Kd2 b8=Q Bxb8 Kxf2 Ba7+ Kf3 Ke1 Ke4 Kxe2
